id,date_bs,date_ad,local_time,utc_time,latitude,longitude,magnitude,epicenter
1,2081-11-15,2025-02-27,02:51,21:06,27.98,85.88,6.1,Sindhupalchowk
2,2081-10-30,2025-02-12,15:38,09:53,29.35,82.18,4.1,Jumla
3,2081-10-22,2025-02-04,17:20,11:35,28.98,81.5,4.4,Dailekh
4,2081-09-23,2025-01-07,06:50,01:05,28.31,87.37,7.0,"Dinggye, China"
5,2081-09-19,2025-01-03,08:29,02:44,28.54,84.13,4.1,Manang
6,2081-09-19,2025-01-03,08:03,02:18,29.57,82.19,4.4,Mugu
7,2081-09-18,2025-01-02,13:02,07:17,27.77,85.57,4.8,Sindhupalchok
8,2081-09-16,2024-12-31,07:54,02:09,29.45,80.86,4.6,Baitadi
9,2081-09-11,2024-12-26,06:33,00:48,29.07,82.32,4.2,Jajarkot
10,2081-09-09,2024-12-24,21:25,15:40,30.04,80.85,4.0,Darchula
11,2081-09-05,2024-12-20,04:14,22:29,29.37,81.64,5.2,Bajura
12,2081-09-04,2024-12-19,07:37,01:52,28.55,84.15,4.7,"Neshyang, Manang"
13,2081-09-03,2024-12-18,15:02,09:17,29.7,81.3,4.1,Bajhang
14,2081-09-02,2024-12-17,17:08,11:23,29.71,81.3,4.3,Bajhang
15,2081-08-06,2024-11-21,10:13,04:28,28.53,84.13,4.2,Around Annapurna II (Border of Kaski and Manang)
16,2081-07-22,2024-11-07,19:56,14:11,27.85,86.15,4.6,Dolakha
17,2081-07-10,2024-10-26,23:30,17:45,27.74,86.15,4.5,Dolakha
18,2081-06-06,2024-09-22,14:09,08:24,29.49,80.82,4.0,Baitadi
19,2081-06-02,2024-09-18,10:08,04:23,29.43,81.07,4.3,Bajhang
20,2081-05-13,2024-08-29,19:34,13:49,29.54,81.3,4.3,Bajhang
21,2081-03-15,2024-06-28,07:13,01:28,28.07,85.55,4.2,Sindhupalchok
22,2081-02-22,2024-06-04,10:34,04:49,28.86,81.55,4.1,Dailekh
23,2080-12-04,2024-03-17,09:44,03:59,28.05,85.26,4.0,Rasuwa
24,2080-11-28,2024-03-11,16:57,11:12,29.51,81.45,4.3,Bajura
25,2080-11-26,2024-03-09,07:30,01:45,28.44,84.08,4.0,Kaski
26,2080-11-07,2024-02-19,04:58,23:13,27.66,86.23,4.1,Dolakha
27,2080-11-04,2024-02-16,09:32,03:47,29.45,81.01,4.4,Bajhang
28,2080-09-27,2024-01-12,23:32,17:47,29.55,81.09,4.4,Bajhang
29,2080-09-19,2024-01-04,10:17,04:32,28.1,85.75,4.6,Sindhupalchowk
30,2080-09-15,2023-12-31,22:21,16:36,27.94,85.84,5.0,Sindhupalchowk
31,2080-08-13,2023-11-29,18:44,12:59,29.63,81.15,4.1,Bajhang
32,2080-08-06,2023-11-22,01:19,19:34,27.67,81.18,4.5,Makawanpur
33,2080-08-04,2023-11-20,11:37,05:52,29.61,81.27,4.5,Bajhang
34,2080-08-03,2023-11-19,14:59,09:14,28.58,82.85,4.3,Rukum-East
35,2080-08-03,2023-11-19,16:47,11:02,28.6,82.87,4.2,Rukum-East
36,2080-07-28,2023-11-14,21:15,15:30,28.91,82.11,4.0,Jajarkot
37,2080-07-22,2023-11-08,03:06,21:21,28.94,82.13,4.2,Jajarkot
39,2080-07-20,2023-11-06,16:31,10:46,28.94,82.21,5.8,Jajarkot
40,2080-07-20,2023-11-06,16:40,10:55,28.93,82.16,4.5,Jajarkot
41,2080-07-19,2023-11-05,14:24,08:39,28.91,82.2,4.1,Jajarkot
42,2080-07-18,2023-11-04,15:40,09:55,28.94,82.24,4.2,Jajarkot
43,2080-07-18,2023-11-04,01:22,19:37,28.88,82.2,4.0,Jajarkot
44,2080-07-17,2023-11-03,00:08,18:23,28.95,82.19,4.5,Jajarkot
45,2080-07-17,2023-11-03,00:29,18:44,28.96,82.17,4.2,Jajarkot
46,2080-07-17,2023-11-03,23:47,18:02,28.92,82.21,6.4,Jajarkot
47,2080-07-17,2023-11-03,00:35,18:50,28.88,82.2,4.3,Jajarkot
48,2080-07-17,2023-11-03,04:16,22:31,28.92,82.26,4.5,JaJarkot
49,2080-07-05,2023-10-22,17:33,11:48,27.95,84.79,5.1,Dhading
50,2080-07-05,2023-10-22,08:59,03:14,27.95,84.79,4.1,Dhading
51,2080-07-05,2023-10-22,08:08,02:23,27.99,84.81,4.2,Dhading
52,2080-07-05,2023-10-22,17:31,11:46,27.96,84.79,5.0,Dhading
53,2080-07-05,2023-10-22,07:39,01:54,27.94,84.79,6.1,Dhading
54,2080-07-05,2023-10-22,16:03,10:18,28.03,84.83,4.4,Dhading
55,2080-07-05,2023-10-22,08:28,02:43,28.0,84.8,4.3,Dhading
56,2080-07-04,2023-10-21,18:55,13:10,29.6,81.28,4.4,Bajhang
57,2080-07-01,2023-10-18,22:03,16:18,29.62,81.19,4.6,Bajhang
58,2080-06-29,2023-10-16,09:26,03:41,30.06,80.58,4.8,"Watan, India"
59,2080-06-25,2023-10-12,01:51,20:06,29.49,81.25,5.0,Bajhang
60,2080-06-25,2023-10-12,00:31,18:46,28.48,83.21,4.4,Baglung
61,2080-06-24,2023-10-11,00:22,18:37,29.61,81.19,5.2,Bajhang
62,2080-06-20,2023-10-07,11:45,06:00,29.58,81.26,5.3,Bajhang
63,2080-06-20,2023-10-07,12:32,06:47,29.61,81.24,4.3,Bajhang
64,2080-06-19,2023-10-06,12:43,06:58,29.77,81.24,4.2,Bajhang
65,2080-06-18,2023-10-05,11:45,06:00,29.6,81.23,4.5,Bajhang
66,2080-06-18,2023-10-05,22:51,17:06,29.6,81.23,4.5,Bajhang
67,2080-06-16,2023-10-03,00:16,18:31,29.62,81.27,4.1,Bajhang
68,2080-06-16,2023-10-03,15:13,09:28,29.55,81.18,5.1,Bajhang
69,2080-06-16,2023-10-03,16:28,10:43,29.59,81.28,4.1,Bajhang
70,2080-06-16,2023-10-03,15:45,10:00,29.58,81.1,4.1,Bajhang
71,2080-06-16,2023-10-03,17:19,11:34,29.56,81.16,5.0,Bajhang
72,2080-06-16,2023-10-03,15:18,09:33,29.52,81.18,4.4,Bajhang
73,2080-06-16,2023-10-03,15:06,09:21,29.59,81.19,6.3,Bajhang
74,2080-06-16,2023-10-03,04:27,22:42,29.41,81.26,4.3,Bajhang
75,2080-06-16,2023-10-03,17:38,11:53,29.65,81.27,5.0,Bajhang
76,2080-06-16,2023-10-03,05:43,23:58,29.63,81.2,4.3,Bajhang
77,2080-06-16,2023-10-03,16:31,10:46,29.53,81.14,4.3,Bajhang
78,2080-05-31,2023-09-17,00:48,19:03,26.97,87.54,4.1,Panchthar
79,2080-05-14,2023-08-31,01:11,19:26,27.37,87.06,4.0,Bhojpur
80,2080-04-03,2023-07-19,09:53,04:08,28.43,83.99,4.0,Kaski
81,2080-03-28,2023-07-13,11:17,05:32,27.95,81.78,4.6,Humla
82,2080-03-08,2023-06-23,05:55,00:10,28.15,84.54,4.0,Lamjung
83,2080-03-04,2023-06-19,04:55,23:10,29.78,80.92,4.0,Darchula
84,2080-02-29,2023-06-12,07:38,01:53,29.72,81.61,4.4,Bajura
85,2080-02-09,2023-05-23,04:06,22:21,29.66,81.61,4.5,Bajura
86,2080-02-08,2023-05-22,18:54,13:09,29.68,81.61,4.1,Bajura
87,2080-02-06,2023-05-20,02:59,21:14,28.62,82.84,4.1,Rukum East
88,2080-01-27,2023-05-10,05:15,23:30,29.73,81.62,4.3,Bajura
89,2080-01-21,2023-05-04,13:17,07:32,29.78,81.58,4.1,Bajura
90,2080-01-18,2023-05-01,14:35,08:50,29.89,81.93,4.0,Humla
91,2080-01-15,2023-04-28,09:25,03:40,29.74,81.63,4.1,Bajura
92,2080-01-14,2023-04-27,23:58,18:13,29.75,81.56,4.9,Bajura
93,2080-01-14,2023-04-27,01:30,19:45,29.78,81.61,5.9,Bajura
94,2080-01-10,2023-04-23,13:30,07:45,29.38,81.34,4.1,Bajura
95,2079-12-28,2023-04-11,18:50,13:05,28.17,84.74,4.1,Gorkha
96,2079-12-18,2023-04-01,11:27,05:42,27.76,86.19,5.2,Dolakha
97,2079-12-17,2023-03-31,03:19,21:34,28.12,84.9,4.1,Gorkha
98,2079-12-14,2023-03-28,23:41,17:56,27.86,87.89,4.6,Taplejung
99,2079-12-12,2023-03-26,22:27,16:42,29.42,81.66,4.3,Bajura
100,2079-12-10,2023-03-24,09:51,04:06,29.64,81.89,4.5,Mugu
101,2079-11-29,2023-03-13,18:56,13:11,28.95,81.68,4.1,Dailekh
102,2079-11-21,2023-03-05,08:35,02:50,29.29,81.4,4.4,Bajura
103,2079-11-21,2023-03-05,08:03,02:18,27.57,85.59,4.3,Kavrepalanchok
104,2079-11-17,2023-03-01,17:42,11:57,27.82,88.02,4.0,Taplejung
105,2079-11-16,2023-02-28,10:03,04:18,27.08,87.96,4.3,Ilam
106,2079-11-10,2023-02-22,13:45,08:00,29.68,81.67,5.2,Bajura
107,2079-10-29,2023-02-12,04:30,22:45,27.83,87.95,4.8,Taplejung
108,2079-10-27,2023-02-10,08:52,03:07,28.8,82.53,4.2,Rukum West
109,2079-10-18,2023-02-01,11:44,05:59,29.71,81.62,4.0,Bajura
110,2079-10-17,2023-01-31,00:24,18:39,27.42,87.47,4.0,Taplejung
111,2079-10-11,2023-01-25,01:07,19:22,29.64,81.68,4.1,Bajura
112,2079-10-10,2023-01-24,14:43,08:58,29.75,81.7,5.9,Bajura
113,2079-10-07,2023-01-21,04:38,22:53,27.8,85.81,4.2,Sindhupalchok
114,2079-09-12,2022-12-27,03:28,21:43,28.45,83.09,4.0,Baglung
115,2079-09-12,2022-12-27,02:07,20:22,28.36,83.19,5.3,Baglung
116,2079-09-12,2022-12-27,01:23,19:38,28.45,83.14,4.7,Baglung
117,2079-09-08,2022-12-23,07:15,01:30,29.1,83.3,4.6,Dolpa
118,2079-09-06,2022-12-21,01:00,19:15,30.0,80.74,4.1,Darchula
119,2079-09-03,2022-12-18,22:53,17:08,28.26,85.06,4.5,Dhading
120,2079-08-12,2022-11-28,10:45,05:00,26.93,87.26,4.0,Dhankuta
121,2079-07-29,2022-11-15,18:08,12:23,29.35,81.21,4.2,Achham
122,2079-07-26,2022-11-12,20:12,14:27,29.45,81.19,5.4,Bajhang
123,2079-07-23,2022-11-09,05:13,23:28,29.35,81.29,4.1,Bajura
124,2079-07-22,2022-11-08,21:07,15:22,29.38,81.11,5.7,Doti
125,2079-07-22,2022-11-08,21:56,16:11,29.38,81.11,4.1,Doti
126,2079-07-22,2022-11-08,02:12,20:27,29.38,81.13,6.6,Doti
127,2079-07-13,2022-10-30,09:26,03:41,29.6,81.04,4.6,Bajhang
128,2079-07-02,2022-10-19,15:07,09:22,28.15,86.06,5.9,Sindhupalchowk/Tibet
129,2079-07-02,2022-10-19,15:53,10:08,28.07,86.02,4.5,Sindhupalchowk/Tibet
130,2079-05-03,2022-08-19,01:28,19:43,28.24,81.77,4.8,Banke
131,2079-05-02,2022-08-18,22:43,16:58,27.97,85.54,4.2,Sindhupalchowk
132,2079-04-20,2022-08-05,05:26,23:41,27.83,85.15,5.3,Nuwakot
133,2079-04-15,2022-07-31,08:13,02:28,27.16,86.83,6.0,Khotang
134,2079-04-09,2022-07-25,06:07,00:22,27.94,85.52,4.7,Sindhupalchowk
135,2079-04-01,2022-07-17,04:31,22:46,29.41,81.34,4.1,Bajura
136,2079-03-26,2022-07-10,19:49,14:04,29.82,80.76,4.2,Darchula
137,2079-03-18,2022-07-02,15:32,09:47,27.66,86.2,4.1,Dolakha
138,2079-03-09,2022-06-23,07:22,01:37,28.1,84.81,4.1,Gorkha
139,2079-03-08,2022-06-22,03:56,22:11,28.33,83.86,4.9,Kaski
140,2079-02-27,2022-06-10,02:36,20:51,27.7,85.41,4.7,Bhaktapur
141,2079-02-24,2022-06-07,12:50,07:05,29.61,80.51,4.0,Baitadi
142,2079-02-09,2022-05-23,15:00,09:15,27.31,87.94,4.1,Taplejung
143,2079-02-09,2022-05-23,15:09,09:24,27.3,87.73,4.3,Taplejung
144,2079-01-21,2022-05-04,09:57,04:12,29.35,82.04,4.1,Jumla
145,2079-01-06,2022-04-19,06:03,00:18,29.58,81.0,4.1,Bajhang
146,2078-12-09,2022-03-23,16:39,10:54,27.9,87.86,4.2,Taplejung
147,2078-11-10,2022-02-22,15:52,10:07,29.7,80.71,4.1,Darchula
148,2078-10-12,2022-01-26,16:54,11:09,27.9,84.57,4.1,Gorkha
149,2078-10-07,2022-01-21,06:43,00:58,27.98,85.58,4.1,Sindhupalchowk
150,2078-09-22,2022-01-06,00:14,18:29,28.68,82.97,4.2,Rukum East
151,2078-09-21,2022-01-05,16:16,10:31,27.67,86.32,4.2,Dolakha
152,2078-07-23,2021-11-09,14:28,08:43,27.87,85.92,4.1,Sindhupalchok
153,2078-07-08,2021-10-25,20:30,14:45,28.29,84.36,4.1,Lamjung
154,2078-07-01,2021-10-18,13:46,08:01,27.92,85.8,4.7,Sindhupalchok
155,2078-07-01,2021-10-18,15:23,09:38,27.86,85.82,4.0,Sindhupalchok
156,2078-07-01,2021-10-18,13:56,08:11,27.92,85.81,4.7,Sindhupalchowk
157,2078-07-01,2021-10-18,15:20,09:35,27.85,85.81,4.1,Sindhupalchok
158,2078-06-30,2021-10-16,04:09,22:24,28.18,84.93,4.3,Gorkha
159,2078-06-16,2021-10-02,20:13,14:28,27.91,85.81,4.1,Sindhupalchok
160,2078-06-16,2021-10-02,19:58,14:13,27.92,85.81,4.6,Sindhupalchok
161,2078-06-15,2021-10-01,12:54,07:09,27.71,85.92,4.2,Sindhupalchok
162,2078-06-09,2021-09-25,12:12,06:27,27.91,85.8,4.5,Sindhupalchok
163,2078-06-04,2021-09-20,16:30,10:45,29.89,80.59,4.2,Darchula
164,2078-05-27,2021-09-12,20:41,14:56,27.64,86.1,4.3,Dolakha
165,2078-05-07,2021-08-23,02:23,20:38,29.61,81.01,4.0,Bajhang
166,2078-04-28,2021-08-12,09:54,04:09,26.98,86.69,4.3,Udayapur
167,2078-04-08,2021-07-23,18:57,13:12,27.28,86.9,4.2,Khotang
168,2078-04-03,2021-07-18,20:59,15:14,28.98,81.47,4.3,Dailekh
169,2078-03-23,2021-07-07,15:57,10:12,28.13,84.56,4.2,Lamjung
170,2078-03-18,2021-07-02,22:02,16:17,29.79,81.59,4.1,Bajura
171,2078-03-15,2021-06-29,14:20,08:35,27.3,87.26,4.0,Sankhuwasabha
172,2078-02-05,2021-05-19,08:26,02:41,28.27,84.4,5.3,Lamjung
173,2078-02-05,2021-05-19,21:23,15:38,28.27,84.42,4.0,Lamjung
174,2078-02-05,2021-05-19,08:16,02:31,28.26,84.35,4.0,Lamjung
175,2078-02-05,2021-05-19,08:17,02:32,28.26,84.36,4.1,Lamjung
176,2078-02-05,2021-05-19,22:39,16:54,28.24,84.41,4.5,Lamjung
177,2078-02-04,2021-05-18,05:42,23:57,28.28,84.39,5.8,Lamjung
178,2077-12-23,2021-04-05,21:04,15:19,26.75,89.09,5.8,"Binnaguri, India"
179,2077-12-05,2021-03-18,10:05,04:20,27.5,85.63,4.1,Kavrepalanchok
180,2077-11-19,2021-03-03,18:43,12:58,27.79,86.35,4.2,Dolakha
181,2077-10-27,2021-02-09,07:35,01:50,27.89,87.91,5.4,Taplejung
182,2077-10-22,2021-02-04,03:58,22:13,27.78,88.15,4.5,Taplejung
183,2077-10-20,2021-02-02,21:59,16:14,28.78,84.1,5.3,Manang
184,2077-10-01,2021-01-14,17:25,11:40,27.66,86.18,4.0,Dolakha
185,2077-09-28,2021-01-12,09:48,04:03,29.89,80.7,4.2,Darchula
186,2077-09-19,2021-01-03,10:44,04:59,27.66,87.62,4.4,Taplejung
187,2077-09-14,2020-12-29,01:49,20:04,27.66,86.34,4.6,Ramechhap
188,2077-08-23,2020-12-08,19:08,13:23,27.77,87.86,4.2,Taplejung
189,2077-08-17,2020-12-02,13:42,07:57,27.75,85.87,4.2,Sindhupalchok
190,2077-07-23,2020-11-08,03:29,21:44,27.73,87.87,4.9,Taplejung
191,2077-07-12,2020-10-28,00:19,18:34,29.58,80.81,4.2,Bajhang
192,2077-07-08,2020-10-24,16:17,10:32,27.62,86.24,4.0,Dolakha
193,2077-05-30,2020-09-15,05:19,23:34,27.77,85.88,6.0,Sindhupalchok
194,2077-05-26,2020-09-11,09:30,03:45,26.76,88.21,5.0,Jhapa/India
195,2077-05-24,2020-09-09,15:48,10:03,27.92,84.94,4.0,Dhading
196,2077-05-19,2020-09-04,07:20,01:35,27.58,87.19,4.0,Sankhuwasabha
197,2077-05-09,2020-08-25,21:09,15:24,29.59,80.89,4.7,Bajhang
198,2077-04-31,2020-08-15,16:07,10:22,27.8,87.62,4.2,Sankhuwasabha
199,2077-03-02,2020-06-16,09:53,04:08,27.88,86.2,4.1,Dolakha
200,2077-02-17,2020-05-30,21:36,15:51,27.85,84.93,4.8,Dhading
201,2077-02-13,2020-05-26,16:00,10:15,29.73,82.01,4.2,Humla
202,2077-01-30,2020-05-12,23:53,18:08,27.65,86.15,5.3,Dolakha
203,2077-01-03,2020-04-15,00:55,19:10,27.55,86.59,4.7,Solukhumbu
204,2076-12-20,2020-04-02,20:55,15:10,29.58,80.96,4.0,Bajhang
205,2076-12-12,2020-03-25,18:36,12:51,28.01,84.97,4.0,Dhading
206,2076-12-02,2020-03-15,20:45,15:00,28.34,83.8,5.0,Kaski
207,2076-11-21,2020-03-04,19:17,13:32,27.79,86.18,4.3,Dolakha
208,2076-11-07,2020-02-19,21:13,15:28,29.71,81.96,4.3,Bajura
209,2076-10-14,2020-01-28,07:59,02:14,29.61,81.71,4.2,Bajura
210,2076-09-27,2020-01-12,02:07,20:22,29.59,81.73,4.2,Bajura
211,2076-09-27,2020-01-12,20:19,14:34,29.58,81.71,4.5,Bajura
212,2076-08-26,2019-12-12,19:11,13:26,27.95,85.59,4.8,Sindhupalchok
213,2076-08-11,2019-11-27,22:08,16:23,27.79,85.79,5.0,Sindhupalchok
214,2076-08-03,2019-11-19,19:15,13:30,29.42,81.1,5.7,Bajhang
215,2076-07-26,2019-11-12,07:45,02:00,30.2,80.1,4.6,India
216,2076-07-14,2019-10-31,03:51,22:06,28.45,83.23,4.5,Baglung
217,2076-07-11,2019-10-28,19:27,13:42,29.66,82.04,4.1,Mugu
218,2076-07-05,2019-10-22,11:06,05:21,26.88,86.59,4.1,Udayapur
219,2076-07-03,2019-10-20,01:09,19:24,27.82,87.98,4.2,Taplejung
220,2076-06-12,2019-09-29,07:27,01:42,28.66,83.06,4.4,Rukum East
221,2076-06-11,2019-09-28,10:43,04:58,30.0,81.45,4.3,Bajhang
222,2076-06-09,2019-09-26,18:49,13:04,28.28,84.65,4.7,Lamjung
223,2076-06-08,2019-09-25,01:18,19:33,27.71,86.32,4.0,Dolakha
224,2076-06-05,2019-09-22,22:01,16:16,28.25,84.49,4.4,Lamjung
225,2076-06-04,2019-09-21,06:19,00:34,28.15,84.61,4.0,Gorkha
226,2076-05-31,2019-09-17,09:53,04:08,28.21,84.49,4.5,Lamjung
227,2076-05-30,2019-09-16,20:18,14:33,29.8,80.48,4.4,Darchula-India Border
228,2076-05-29,2019-09-15,10:54,05:09,30.3,81.74,5.0,Humla
229,2076-05-05,2019-08-22,07:07,01:22,27.52,86.39,4.0,Solukhumbu
230,2076-04-29,2019-08-14,23:09,17:24,27.69,86.26,4.3,Dolakha
231,2076-04-24,2019-08-09,18:26,12:41,28.5,83.22,4.7,Baglung
232,2076-04-08,2019-07-24,17:58,12:13,27.8,86.15,4.2,Dolakha
233,2076-03-21,2019-07-06,16:15,10:30,27.67,85.42,4.6,Bhaktapur
234,2076-03-12,2019-06-27,22:21,16:36,27.95,84.8,4.0,Dhading
235,2076-02-32,2019-06-15,21:32,15:47,28.95,81.98,4.5,Jajarkot
236,2076-02-31,2019-06-14,12:22,06:37,29.52,81.05,4.0,Bajhang
237,2076-02-16,2019-05-30,10:01,04:16,29.62,82.11,4.6,Mugu
238,2076-02-11,2019-05-25,11:02,05:17,27.7,86.47,4.9,Ramechhap
239,2076-02-11,2019-05-25,21:08,15:23,29.5,81.28,4.3,Bajhang
240,2076-02-07,2019-05-21,23:47,18:02,28.21,84.37,4.1,Lamjung
241,2076-02-03,2019-05-17,14:08,08:23,27.85,84.87,5.0,Dhading
242,2076-01-28,2019-05-11,00:36,18:51,28.98,81.78,5.1,Dailekh
243,2076-01-21,2019-05-04,08:37,02:52,27.94,85.72,4.0,Sindhupalchowk
244,2076-01-16,2019-04-29,11:35,05:50,27.93,85.94,4.0,Sindhupalchowk
245,2076-01-11,2019-04-24,06:29,00:44,27.69,85.17,5.2,Dhading
246,2076-01-11,2019-04-24,06:40,00:55,27.7,85.14,4.3,Dhading
247,2076-01-03,2019-04-16,12:35,06:50,28.0,84.76,4.5,Gorkha
248,2076-01-01,2019-04-14,04:27,22:42,29.49,81.24,4.8,Bajhang
249,2075-12-30,2019-04-13,10:25,04:40,28.03,85.38,4.6,Rasuwa
250,2075-12-26,2019-04-09,13:05,07:20,27.76,86.27,4.2,Dolakha
251,2075-12-18,2019-04-01,20:47,15:02,28.98,81.69,4.1,Dailekh
252,2075-12-04,2019-03-18,09:01,03:16,27.63,85.16,4.1,Makawanpur
253,2075-11-14,2019-02-26,16:15,10:30,27.66,86.0,4.4,Dolakha
254,2075-11-14,2019-02-26,16:20,10:35,27.84,85.95,4.1,Sindhupalchok
255,2075-11-04,2019-02-16,20:34,14:49,27.68,85.27,4.0,Kathmandu
256,2075-11-02,2019-02-14,17:11,11:26,27.81,88.18,4.6,Taplejung
257,2075-10-08,2019-01-22,22:30,16:45,27.09,86.96,4.5,Bhojpur
258,2075-09-26,2019-01-10,11:34,05:49,27.6,86.31,4.5,Ramechhap
259,2075-09-07,2018-12-22,05:06,23:21,27.85,85.76,4.7,Sindhupalchok
260,2075-07-08,2018-10-25,07:07,01:22,27.72,86.02,4.0,Dolakha
261,2075-06-20,2018-10-06,10:52,05:07,28.94,81.72,4.3,Dailekh
262,2075-06-19,2018-10-05,21:45,16:00,28.93,81.7,4.0,Dailekh
263,2075-06-19,2018-10-05,12:53,07:08,28.94,81.74,4.0,Dailekh
264,2075-06-03,2018-09-19,01:42,19:57,28.57,82.88,4.0,Rukum East
265,2075-05-13,2018-08-29,23:35,17:50,27.79,87.41,4.2,Sankhuwasabha
266,2075-05-08,2018-08-24,18:16,12:31,27.5,88.04,4.5,Taplejung
267,2075-04-17,2018-08-02,14:32,08:47,27.66,86.1,4.2,Dolakha
268,2075-04-08,2018-07-24,08:30,02:45,27.75,84.87,4.8,Dhading
269,2075-04-08,2018-07-24,17:44,11:59,27.94,85.51,4.3,Sindhupalchok
270,2075-04-02,2018-07-18,11:15,05:30,29.02,81.51,4.2,Dailekh
271,2075-04-01,2018-07-17,22:52,17:07,27.82,84.81,4.4,Dhading
272,2075-03-29,2018-07-13,08:58,03:13,29.57,81.56,4.1,Bajura
273,2075-03-21,2018-07-05,07:21,01:36,28.11,85.04,4.1,Dhading
274,2075-03-14,2018-06-28,09:52,04:07,27.87,84.91,5.0,Dhading
275,2075-03-06,2018-06-20,10:00,04:15,27.31,87.9,4.7,Taplejung
276,2075-03-06,2018-06-20,09:54,04:09,27.36,88.01,4.8,Taplejung
277,2075-02-22,2018-06-05,07:19,01:34,29.68,81.65,4.9,Bajura
278,2075-02-18,2018-06-01,21:07,15:22,27.68,86.11,4.3,Dolakha
279,2075-02-17,2018-05-31,02:17,20:32,28.17,84.89,4.1,gorkha
280,2075-02-17,2018-05-31,21:45,16:00,28.9,81.77,4.3,Dailekh
281,2075-02-10,2018-05-24,20:10,14:25,29.98,80.54,4.6,Dharchula
282,2075-01-22,2018-05-05,20:49,15:04,27.74,88.13,4.4,Taplejung
283,2074-11-18,2018-03-02,10:51,05:06,27.7,86.33,4.6,Dolakha
284,2074-11-14,2018-02-26,00:45,19:00,27.7,86.33,4.7,Dolakha
285,2074-11-09,2018-02-21,21:44,15:59,28.07,85.96,4.3,Tibet
286,2074-10-05,2018-01-19,08:38,02:53,27.72,86.01,4.3,Dolakha
287,2074-09-13,2017-12-28,13:30,7:45,29.82,80.76,4.5,Darchula
288,2074-09-03,2017-12-18,17:18,11:33,27.96,85.68,4.2,Sindhupalchowk
289,2074-08-22,2017-12-08,08:36,02:51,27.63,86.19,5.2,Dolakha
290,2074-07-20,2017-11-06,08:54,03:09,29.78,81.28,4.5,Bajhang
291,2074-07-09,2017-10-26,18:36,12:51,29.08,81.45,4.0,Achham
292,2074-06-29,2017-10-15,17:02,11:17,28.5,83.32,4.2,Myagdi
293,2074-06-16,2017-10-02,07:07,01:22,28.83,82.55,4.1,Rukum
294,2074-06-05,2017-09-21,13:04,07:19,27.62,86.25,4.6,Dolakha
295,2074-05-08,2017-08-24,16:25,10:40,28.06,85.94,4.8,Sindhupalchok-Tibet border
296,2074-05-06,2017-08-22,18:35,12:50,29.41,81.1,4.9,Bajhang
297,2074-05-05,2017-08-21,17:48,12:03,27.66,86.27,4.6,Dolakha
298,2074-04-09,2017-07-24,10:29,04:44,27.56,85.96,4.0,Ramechhap
299,2074-03-31,2017-07-15,10:20,4:35,28.94,81.75,4.0,Dailekh
300,2074-03-18,2017-07-02,07:43,01:58,27.34,86.49,5.1,Okhaldhunga
301,2074-03-14,2017-06-28,00:09,18:24,27.66,86.41,4.2,Ramechhap
302,2074-02-31,2017-06-14,09:27,3:42,27.88,88.13,4.1,Taplejung
303,2074-02-29,2017-06-12,17:39,11:54,27.62,86.1,4.1,Dolakha
304,2074-02-16,2017-05-30,11:23,5:38,29.64,80.97,4.1,Bajhang
305,2074-01-11,2017-04-24,17:04,11:19,27.86,85.77,4.2,Sindhupalchowk
306,2074-01-11,2017-04-24,08:49,03:04,29.75,81.31,4.1,Bajhang
307,2073-11-27,2017-03-10,07:28,01:43,30.37,81.57,4.1,Humla
308,2073-11-16,2017-02-27,10:06,04:21,27.38,86.13,4.7,Ramechhap
309,2073-11-16,2017-02-27,09:22,03:37,27.36,86.12,4.6,Ramechhap
310,2073-11-07,2017-02-18,06:00,00:15,27.79,84.8,4.0,Dhading
311,2073-10-28,2017-02-10,16:58,11:13,29.88,80.61,4.1,Darchula
312,2073-10-22,2017-02-04,17:58,12:13,27.73,86.08,4.4,Dolakha
313,2073-09-19,2017-01-03,12:26,06:41,29.71,81.57,4.0,Bajura
314,2073-08-13,2016-11-28,05:20,23:35,27.79,86.58,5.6,Solukhumbu
315,2073-07-21,2016-11-06,09:47,04:02,29.69,81.05,4.0,Bajhang
316,2073-07-01,2016-10-17,10:03,04:18,27.87,85.3,4.0,Nuwakot
317,2073-06-29,2016-10-15,18:22,12:37,28.04,85.17,4.1,Rasuwa
318,2073-06-26,2016-10-12,14:14,08:29,27.66,85.95,4.1,Dolakha
319,2073-06-25,2016-10-11,12:53,07:08,27.67,85.95,4.6,Dolakha
320,2073-06-21,2016-10-07,10:37,04:52,27.65,86.13,4.2,Dolakha
321,2073-06-02,2016-09-18,22:57,17:12,27.91,85.77,4.6,Sindhupalchowk
322,2073-05-20,2016-09-05,07:49,02:04,27.78,86.35,4.5,Dolakha
323,2073-05-20,2016-09-05,06:22,00:37,27.82,86.14,4.1,Dolakha
324,2073-05-11,2016-08-27,17:48,12:03,29.81,81.56,4.0,Bajhang
325,2073-04-08,2016-07-23,11:59,06:14,27.99,84.71,4.1,Gorkha
326,2073-03-24,2016-07-08,04:08,22:23,27.84,86.16,4.1,Dolakha
327,2073-03-23,2016-07-07,17:38,11:53,27.92,85.66,4.4,Sindhupalchowk
328,2073-03-23,2016-07-07,14:44,08:59,28.31,84.35,4.3,Lamjung
329,2073-03-18,2016-07-02,18:08,12:23,29.64,81.28,4.4,Bajhang
330,2073-03-15,2016-06-29,15:11,09:26,29.63,81.24,4.2,Bajhang
331,2073-03-15,2016-06-29,14:55,09:10,29.63,81.28,5.0,Bajhang
332,2073-03-08,2016-06-22,18:45,13:00,27.76,86.34,4.1,Dolakha
333,2073-03-07,2016-06-21,11:34,05:49,27.93,85.21,4.4,Nuwakot
334,2073-02-32,2016-06-14,05:12,23:27,28.03,84.64,4.3,Gorkha
335,2073-02-21,2016-06-03,05:10,23:25,27.96,85.62,4.4,Sindhupalchowk
336,2073-02-15,2016-05-28,15:24,09:39,27.94,85.5,4.6,Sindhupalchok
337,2073-02-11,2016-05-24,00:54,19:09,27.73,85.16,4.2,Dhading
338,2073-02-02,2016-05-15,04:30,22:45,27.93,85.5,4.4,Sindhupalchowk
339,2073-02-01,2016-05-14,05:05,23:20,27.97,85.55,4.3,Sindhupalchowk
340,2073-01-31,2016-05-13,01:09,19:24,27.69,86.24,4.1,Dolakha
341,2073-01-29,2016-05-11,14:37,08:52,28.01,84.68,4.5,Gorkha
342,2073-01-29,2016-05-11,07:04,01:19,28.01,84.94,4.4,Dhading
343,2073-01-23,2016-05-05,10:31,04:46,28.24,84.99,4.1,Dhading
344,2073-01-22,2016-05-04,11:17,5:32,29.38,81.88,4.0,Kalikot
345,2073-01-18,2016-04-30,12:28,6:43,29.54,81.1,4.2,Bajhang
346,2073-01-14,2016-04-26,15:18,09:33,28.05,85.38,4.3,Rasuwa
347,2073-01-12,2016-04-24,02:16,20:31,28.08,85.13,4.2,Nuwakot
348,2073-01-10,2016-04-22,12:41,06:56,27.72,86.29,4.0,Dolakha
349,2073-01-10,2016-04-22,16:49,11:04,27.79,85.85,4.0,Sindhupalchowk
350,2072-12-30,2016-04-12,20:26,14:41,27.56,86.17,4.4,Dolakha
351,2072-12-27,2016-04-09,19:05,13:20,27.65,85.31,4.5,Lalitpur
352,2072-12-22,2016-04-04,10:16,04:31,27.72,86.09,4.7,Dolakha
353,2072-12-22,2016-04-04,09:38,03:53,29.81,81.51,4.3,Bajhang
354,2072-12-18,2016-03-31,04:26,22:41,27.93,85.59,4.1,Sindhupalchowk
355,2072-12-17,2016-03-30,18:11,12:26,27.89,85.73,4.7,Sindhupalchowk
356,2072-12-11,2016-03-24,05:26,23:41,27.75,88.04,4.1,Taplejung
357,2072-12-04,2016-03-17,10:59,05:14,27.34,86.27,4.0,Okhaldhunga
358,2072-12-02,2016-03-15,03:12,21:27,27.84,85.73,4.5,Sindhupalchowk
359,2072-11-30,2016-03-13,11:00,05:15,27.83,84.9,4.8,Dhading
360,2072-11-28,2016-03-11,15:13,09:28,27.9,85.87,4.2,Sindhupalchowk
361,2072-11-24,2016-03-07,13:50,8:05,30.22,81.7,4.0,Humla
362,2072-11-23,2016-03-06,07:10,01:25,27.69,85.93,4.0,Sindhupalchowk
363,2072-11-18,2016-03-01,16:30,10:45,27.79,85.73,4.3,Sindhupalchowk
364,2072-11-12,2016-02-24,15:07,09:22,27.8,85.74,5.4,Sindhupalchok
365,2072-11-11,2016-02-23,08:45,3:00,27.47,87.15,4.5,Sankhuwasava
366,2072-11-09,2016-02-21,23:54,18:09,28.08,84.76,5.5,Gorkha
367,2072-11-08,2016-02-20,03:54,22:09,27.86,85.29,4.1,Nuwakot
368,2072-11-01,2016-02-13,20:22,14:37,27.81,85.72,4.3,Sindhupalchowk
369,2072-10-27,2016-02-10,22:12,16:27,27.84,85.71,4.6,Sindhupalchowk
370,2072-10-22,2016-02-05,22:05,16:20,27.95,85.52,5.5,Sindhupalchowk
371,2072-10-13,2016-01-27,14:27,8:42,27.83,85.83,4.4,Sindhupalchowk
372,2072-10-13,2016-01-27,20:42,14:57,26.68,86.27,4.2,Siraha
373,2072-10-08,2016-01-22,01:07,19:22,28.06,85.09,4.6,Nuwakot
374,2072-10-01,2016-01-15,22:59,17:14,27.65,86.23,4.3,Dolakha
375,2072-10-01,2016-01-15,18:50,13:05,27.63,86.25,4.1,Dolakha
376,2072-09-25,2016-01-09,23:28,17:43,27.48,86.01,4.4,Ramechhap
377,2072-09-20,2016-01-04,18:47,13:02,27.75,86.12,4.1,Dolakha
378,2072-09-18,2016-01-02,03:15,21:30,28.01,85.8,4.2,Sindhupalchowk
379,2072-09-16,2015-12-31,07:41,01:56,27.86,85.72,4.3,Sindhupalchowk
380,2072-09-13,2015-12-28,03:52,22:07,27.7,86.12,4.2,Dolakha
381,2072-09-11,2015-12-26,10:33,04:48,29.35,81.29,4.1,Bajura
382,2072-09-08,2015-12-23,08:59,03:14,27.79,86.08,4.1,Dolakha
383,2072-09-03,2015-12-18,16:01,10:16,29.44,81.69,5.5,Bajura
384,2072-08-27,2015-12-13,08:45,03:00,28.04,85.02,4.1,Dhading
385,2072-08-21,2015-12-07,07:27,01:42,27.86,86.19,4.0,Dolakha
386,2072-08-14,2015-11-30,06:10,00:25,27.78,85.39,4.1,Kathmandu
387,2072-08-11,2015-11-27,15:23,09:38,27.63,85.53,4.1,kavrepalanchok
388,2072-08-11,2015-11-27,16:22,10:37,27.11,87.95,4.6,Panchthar
389,2072-08-09,2015-11-25,00:42,18:57,27.87,85.77,4.1,Sindhupalchowk
390,2072-08-08,2015-11-24,18:09,12:24,28.15,84.81,4.4,Gorkha
391,2072-08-08,2015-11-24,17:00,11:15,27.87,85.29,4.0,Nuwakot
392,2072-08-06,2015-11-22,07:11,01:26,28.43,83.3,4.1,Myagdi
393,2072-08-04,2015-11-20,13:45,08:00,28.35,83.36,4.0,Baglung
394,2072-08-03,2015-11-19,10:00,04:15,27.89,85.75,5.3,Sindupalchok
395,2072-08-03,2015-11-19,17:44,11:59,27.77,85.88,4.0,Sindhupalchok
396,2072-08-01,2015-11-17,18:55,13:10,28.02,85.28,4.3,Rasuwa
397,2072-07-26,2015-11-12,15:45,10:00,27.99,85.65,4.2,Sindupalchok
398,2072-07-14,2015-10-31,09:28,03:43,28.03,85.23,4.3,Rasuwa
399,2072-06-30,2015-10-17,23:46,18:01,27.8,86.3,4.2,Dolakha
400,2072-06-29,2015-10-16,14:28,08:43,27.71,86.16,4.2,Dolakha
401,2072-06-21,2015-10-08,13:00,07:15,27.57,85.31,4.0,Lalitpur
402,2072-06-21,2015-10-08,21:58,16:13,27.96,85.54,4.1,Sindupalchowk
403,2072-06-20,2015-10-07,05:15,23:30,27.68,86.08,4.2,Dolakha
404,2072-06-19,2015-10-06,17:47,12:02,27.69,86.09,4.2,Dolakha
405,2072-06-18,2015-10-05,13:18,07:33,27.71,86.15,4.8,Dolakha
406,2072-06-18,2015-10-05,13:21,07:36,27.71,86.1,4.2,Dolakha
407,2072-06-12,2015-09-29,16:39,10:54,27.77,85.87,4.6,Sindhupalchowk
408,2072-06-12,2015-09-29,15:12,09:27,29.83,80.6,4.6,Darchula
409,2072-06-05,2015-09-22,12:17,06:32,27.74,85.07,4.5,Dhading
410,2072-06-03,2015-09-20,04:05,22:20,27.76,86.37,4.0,Dolakha
411,2072-05-30,2015-09-16,20:37,14:52,27.6,86.19,4.2,Dolakha
412,2072-05-23,2015-09-09,18:23,12:38,27.82,86.24,4.0,Dolakha
413,2072-05-17,2015-09-03,05:10,23:25,27.75,86.01,4.3,Sindhupalchowk
414,2072-05-16,2015-09-02,04:51,23:06,27.64,86.19,4.4,Dolakha
415,2072-05-14,2015-08-31,23:33,17:48,27.92,85.69,4.2,Sindhupalchowk
416,2072-05-13,2015-08-30,08:26,02:41,27.66,86.23,4.0,Dolakha
417,2072-05-13,2015-08-30,19:02,13:17,27.72,85.75,5.0,Sindhupalchowk
418,2072-05-13,2015-08-30,03:09,21:24,27.92,84.94,4.0,Dhading
419,2072-05-10,2015-08-27,06:07,00:22,28.12,84.89,4.0,Gorkha
420,2072-05-10,2015-08-27,00:51,19:06,27.85,85.74,4.0,Sindhupalchowk
421,2072-05-09,2015-08-26,13:31,7:46 AM,30.11,81.53,4.0,Humla
422,2072-05-08,2015-08-25,15:08,09:23,27.68,86.22,4.0,Dolakha
423,2072-05-06,2015-08-23,14:47,09:02,27.87,86.17,5.0,Dolakha
424,2072-05-04,2015-08-21,12:21,06:36,27.96,85.48,4.0,Nuwakot
425,2072-05-03,2015-08-20,11:47,06:02,28.0,85.29,4.0,Rasuwa
426,2072-05-01,2015-08-18,04:08,22:23,27.93,86.14,4.0,Dolakha
427,2072-04-30,2015-08-15,23:56,18:11,27.71,86.05,4.0,Dolakha
428,2072-04-30,2015-08-15,10:10,04:25,27.87,86.08,4.0,Dolakha
429,2072-04-29,2015-08-14,18:47,13:02,27.59,85.97,4.0,Dolakha
430,2072-04-28,2015-08-13,01:49,20:04,27.72,85.2,4.0,Kathmandu
431,2072-04-26,2015-08-11,10:42,04:57,27.7,85.29,4.0,Kathmandu
432,2072-04-25,2015-08-10,04:15,22:30,28.14,84.72,4.0,Gorkha
433,2072-04-24,2015-08-09,07:55,02:10,27.94,85.52,4.0,Sindupalchok
434,2072-04-24,2015-08-09,00:21,6:36 PM,30.1,81.85,4.0,Humla
435,2072-04-23,2015-08-08,21:25,15:40,27.69,86.26,4.0,Dolakha
436,2072-04-23,2015-08-08,06:24,00:39,27.77,85.7,4.0,Sindupalchok
437,2072-04-22,2015-08-07,11:57,06:12,27.5,85.5,4.0,Kavre
438,2072-04-21,2015-08-06,20:36,14:51,27.86,85.76,4.0,Sindupalchok
439,2072-04-20,2015-08-05,13:59,08:14,27.64,86.07,4.0,Dolakha
440,2072-04-20,2015-08-05,17:38,11:53,27.63,86.07,4.0,Dolakha
441,2072-04-16,2015-08-01,07:22,01:37,27.81,85.71,4.0,Sindupalchok
442,2072-04-14,2015-07-30,20:18,14:33,27.66,86.09,4.0,Dolakha
443,2072-04-12,2015-07-28,21:23,15:38,27.59,86.17,4.0,Dolakha
444,2072-04-12,2015-07-28,18:38,12:53,27.68,86.04,4.0,Dolakha
445,2072-04-12,2015-07-28,09:21,03:36,27.8,85.75,4.0,Sindupalchok
446,2072-04-11,2015-07-27,18:23,12:38,27.94,85.48,4.0,Nuwakot
447,2072-04-10,2015-07-26,09:30,03:45,27.68,86.22,4.0,Dolakha
448,2072-04-10,2015-07-26,10:03,04:18,27.85,85.75,4.0,Sindupalchok
449,2072-04-09,2015-07-25,20:04,14:19,27.66,86.0,4.0,Dolakha
450,2072-04-09,2015-07-25,00:05,18:20,27.61,86.28,4.0,Dolakha
451,2072-04-06,2015-07-22,22:14,16:29,27.7,85.32,4.0,Kathmandu
452,2072-04-05,2015-07-21,08:09,02:24,27.86,86.39,4.0,Dolakha
453,2072-04-01,2015-07-17,05:09,23:24,28.18,84.74,4.0,Gorkha
454,2072-03-30,2015-07-15,08:14,2:29 AM,29.8,80.73,4.0,Darchula
455,2072-03-28,2015-07-13,17:39,11:54,27.63,86.09,4.0,Dolakha
456,2072-03-28,2015-07-13,16:01,10:16,28.06,85.34,4.0,Rasuwa
457,2072-03-26,2015-07-11,02:28,20:43,27.8,86.23,4.0,Dolakha
458,2072-03-24,2015-07-09,17:59,12:14,27.89,85.73,4.0,Sindupalchok
459,2072-03-23,2015-07-08,10:19,04:34,27.6,86.23,4.0,Dolakha
460,2072-03-23,2015-07-08,09:55,04:10,27.92,85.68,4.0,Sindhupalchok
461,2072-03-22,2015-07-07,15:16,9:31 AM,29.69,81.74,4.0,Bajura
462,2072-03-22,2015-07-07,21:06,3:21 PM,28.48,83.13,4.0,Baglung
463,2072-03-21,2015-07-06,21:14,15:29,27.96,85.75,4.0,Sindhupalchok
464,2072-03-21,2015-07-06,10:48,05:03,27.69,86.2,4.0,Dolakha
465,2072-03-20,2015-07-05,10:07,04:22,27.67,86.2,4.0,Dolakha
466,2072-03-20,2015-07-05,01:27,19:42,27.86,85.87,4.0,Sindupalchok
467,2072-03-19,2015-07-04,01:49,20:04,27.73,85.0,4.0,Dhading
468,2072-03-17,2015-07-02,07:41,01:56,27.97,85.62,5.0,Sindhupalchowk
469,2072-03-17,2015-07-02,05:26,23:41,27.67,85.54,4.0,Kavre
470,2072-03-16,2015-07-01,09:12,03:27,27.71,86.12,4.0,Dolakha
471,2072-03-16,2015-07-01,03:33,21:48,27.8,85.74,4.0,Sindhupalchowk
472,2072-03-16,2015-07-01,15:24,09:39,28.06,85.14,4.0,Nuwakot
473,2072-03-15,2015-06-30,03:31,21:46,27.55,85.79,4.0,Kavre
474,2072-03-14,2015-06-29,23:34,17:49,27.93,85.64,4.0,Sindhupalchowk
475,2072-03-14,2015-06-29,23:27,17:42,27.92,85.68,4.0,Sindhupalchowk
476,2072-03-14,2015-06-29,05:42,23:57,27.35,86.2,5.0,Ramechhap
477,2072-03-13,2015-06-28,22:01,16:16,27.92,85.66,4.0,Sindhupalchok
478,2072-03-11,2015-06-26,18:02,12:17,27.74,86.28,4.0,Dolakha
479,2072-03-11,2015-06-26,14:45,09:00,27.58,85.39,4.0,Lalitpur
480,2072-03-10,2015-06-25,23:49,18:04,27.66,86.21,4.0,Dolakha
481,2072-03-10,2015-06-25,21:07,15:22,27.78,85.17,4.0,Nuwakot
482,2072-03-10,2015-06-25,23:51,18:06,27.94,85.49,4.0,Sindhupalchok
483,2072-03-09,2015-06-24,14:59,09:14,27.85,85.75,4.0,Sindhupalchowk
484,2072-03-07,2015-06-22,13:19,07:34,27.67,86.17,4.0,Dolakha
485,2072-03-06,2015-06-21,19:26,13:41,27.8,86.0,4.0,Sindupalchok
486,2072-03-05,2015-06-20,18:08,12:23 PM,28.65,82.76,5.0,Rukum
487,2072-03-05,2015-06-20,02:40,20:55,28.17,84.94,4.0,Gorkha
488,2072-03-04,2015-06-19,01:50,20:05,28.26,84.92,4.0,Gorkha
489,2072-03-03,2015-06-18,08:24,02:39,28.14,85.11,4.0,Dhading
490,2072-03-02,2015-06-17,06:26,00:41,27.9,85.58,4.0,Sindhupalchok
491,2072-03-02,2015-06-17,08:00,02:15,28.27,85.94,5.0,Tibet
492,2072-03-02,2015-06-17,06:14,00:29,27.91,85.59,5.0,Sindhupalchok
493,2072-03-02,2015-06-17,05:58,00:13,27.68,85.28,4.0,Kathmandu
494,2072-03-01,2015-06-16,21:56,16:11,27.7,86.16,4.0,Dolakha
495,2072-02-32,2015-06-15,15:52,10:07,27.87,85.72,4.0,Sindhupalchowk
496,2072-02-31,2015-06-14,15:01,09:16,27.74,86.26,4.0,Dolakha
497,2072-02-31,2015-06-14,05:59,00:14,27.8,85.15,4.0,Nuwakot
498,2072-02-30,2015-06-13,07:03,01:18,27.73,86.16,5.0,Dolakha
499,2072-02-29,2015-06-12,01:22,19:37,28.21,84.81,4.0,Gorkha
500,2072-02-29,2015-06-12,10:19,04:34,27.67,86.09,4.0,Dolakha
501,2072-02-28,2015-06-11,21:57,16:12,27.96,85.73,5.0,Sindhupalchowk
502,2072-02-28,2015-06-11,10:02,04:17,27.8,85.78,4.0,Sindhupalchowk
503,2072-02-28,2015-06-11,00:26,18:41,27.67,86.07,4.0,Dolakha
504,2072-02-27,2015-06-10,02:50,21:05,27.87,85.81,4.0,Sindhupalchowk
505,2072-02-27,2015-06-10,13:36,07:51,27.8,85.61,4.0,Sindhupalchowk
506,2072-02-27,2015-06-10,14:51,09:06,27.62,86.1,4.0,Dolakha
507,2072-02-24,2015-06-07,11:02,05:17,27.9,85.64,4.0,Sindhupalchowk
508,2072-02-24,2015-06-07,22:35,16:50,27.87,86.13,4.0,Dolakha
509,2072-02-23,2015-06-06,02:33,20:48,28.26,85.86,4.0,Tibet
510,2072-02-23,2015-06-06,22:45,17:00,27.58,86.18,4.0,Dolakha
511,2072-02-22,2015-06-05,14:16,08:31,27.7,85.22,4.0,Kathmandu
512,2072-02-22,2015-06-05,10:02,04:17,27.79,85.78,4.0,Sindhupalchowk
513,2072-02-21,2015-06-04,16:15,10:30,27.76,86.2,4.0,Dolakha
514,2072-02-20,2015-06-03,02:45,21:00,27.84,85.78,4.0,Sindhupalchowk
515,2072-02-20,2015-06-03,13:37,07:52,27.79,85.87,4.0,Sindhupalchowk
516,2072-02-20,2015-06-03,14:39,08:54,27.76,86.07,4.0,Dolakha
517,2072-02-20,2015-06-03,17:38,11:53,27.7,86.26,4.0,Dolakha
518,2072-02-19,2015-06-02,02:18,8:33 PM,30.0,81.75,4.0,Humla
519,2072-02-19,2015-06-02,10:48,05:03,27.78,86.2,4.0,Dolakha
520,2072-02-18,2015-06-01,04:35,22:50,27.98,85.51,4.0,Sindhupalchowk
521,2072-02-17,2015-05-31,19:39,1:54 PM,28.29,84.46,4.0,Lamjung
522,2072-02-16,2015-05-30,03:58,10:13 PM,27.79,85.17,4.0,Nuwakot
523,2072-02-16,2015-05-30,02:20,8:35 PM,28.01,85.19,4.0,Rasuwa
524,2072-02-16,2015-05-30,07:37,1:52 AM,27.75,85.21,4.0,Dhading
525,2072-02-15,2015-05-29,06:22,12:37 AM,27.82,86.34,4.0,Dolakha
526,2072-02-15,2015-05-29,11:05,5:20 AM,28.07,84.94,4.0,Dhading
527,2072-02-15,2015-05-29,14:15,8:30 AM,28.17,84.72,4.0,Gorkha
528,2072-02-15,2015-05-29,18:15,12:30 PM,28.01,84.84,4.0,Dhading
529,2072-02-15,2015-05-29,21:29,3:44 PM,28.0,84.98,5.0,Dhading
530,2072-02-14,2015-05-28,08:52,3:07 AM,27.99,84.79,4.0,Dhading
531,2072-02-14,2015-05-28,09:25,3:40 AM,27.95,84.8,4.0,Dhading
532,2072-02-14,2015-05-28,10:57,5:12 AM,27.64,85.31,4.0,Kathmandu
533,2072-02-14,2015-05-28,11:14,5:29 AM,27.77,86.25,4.0,Dolakha
534,2072-02-14,2015-05-28,17:21,11:36 AM,27.59,86.19,4.0,Dolakha
535,2072-02-14,2015-05-28,17:59,12:14 PM,27.59,86.16,4.0,Dolakha
536,2072-02-14,2015-05-28,04:01,10:16 PM,27.94,85.54,4.0,Sindhupalchowk
537,2072-02-13,2015-05-27,04:14,10:29 PM,28.04,85.13,4.0,Nuwakot
538,2072-02-13,2015-05-27,19:01,1:16 PM,27.89,85.53,4.0,Sindhupalchowk
539,2072-02-13,2015-05-27,19:00,1:15 PM,27.91,85.53,4.0,Sindhupalchowk
540,2072-02-13,2015-05-27,17:48,12:03 PM,27.59,86.2,4.0,Dolakha
541,2072-02-12,2015-05-26,19:56,2:11 PM,27.84,86.24,4.0,Dolakha
542,2072-02-12,2015-05-26,23:33,5:48 PM,27.63,86.3,4.0,Dolakha
543,2072-02-12,2015-05-26,00:24,6:39 PM,27.71,86.05,4.0,Dolakha
544,2072-02-12,2015-05-26,01:45,8:00 PM,27.54,85.43,4.0,Lalitpur
545,2072-02-12,2015-05-26,04:37,10:52 PM,28.02,85.26,5.0,Rasuwa
546,2072-02-11,2015-05-25,04:01,10:16 PM,27.74,86.19,4.0,Dolakha
547,2072-02-11,2015-05-25,16:45,11:00 AM,27.71,86.07,4.0,Dolakha
548,2072-02-11,2015-05-25,09:08,3:23 AM,28.01,84.68,5.0,Gorkha
549,2072-02-10,2015-05-24,12:51,7:06 AM,27.67,86.18,4.0,Dolakha
550,2072-02-10,2015-05-24,16:23,10:38 AM,27.76,86.28,4.0,Dolakha
551,2072-02-10,2015-05-24,17:31,11:46 AM,27.84,86.0,4.0,Sindhupalchowk
552,2072-02-10,2015-05-24,18:40,12:55 PM,27.8,86.29,4.0,Dolakha
553,2072-02-10,2015-05-24,05:00,11:15 PM,27.76,86.26,4.0,Dolakha
554,2072-02-09,2015-05-23,04:11,10:26 PM,27.9,85.51,4.0,Sindhupalchok
555,2072-02-09,2015-05-23,18:59,1:14 PM,27.74,86.2,4.0,Dolakha
556,2072-02-08,2015-05-22,20:30,2:45 PM,27.79,85.14,4.0,Nuwakot
557,2072-02-08,2015-05-22,22:29,4:44 PM,28.05,85.08,4.0,Nuwakot
558,2072-02-08,2015-05-22,23:15,5:30 PM,27.63,86.25,4.0,Dolakha
559,2072-02-08,2015-05-22,00:34,6:49 PM,27.78,85.93,4.0,Sindhupalchowk
560,2072-02-08,2015-05-22,02:29,8:44 PM,27.69,86.16,4.0,Dolakha
561,2072-02-08,2015-05-22,00:52,7:07 PM,30.31,81.47,4.0,Humla
562,2072-02-07,2015-05-21,19:56,2:11 PM,27.85,86.32,4.0,Dolakha
563,2072-02-07,2015-05-21,20:41,2:56 PM,27.93,85.46,4.0,Nuwakot
564,2072-02-07,2015-05-21,01:15,7:30 PM,28.02,84.98,4.0,Dhading
565,2072-02-06,2015-05-20,20:32,2:47 PM,27.52,85.26,4.0,Lalitput
566,2072-02-06,2015-05-20,16:55,11:10 AM,27.84,86.33,4.0,Dolakha
567,2072-02-05,2015-05-19,22:29,4:44 PM,27.92,86.04,4.0,Sindhupalchowk
568,2072-02-05,2015-05-19,17:14,11:29 AM,27.9,85.99,4.0,Sindhupalchowk
569,2072-02-05,2015-05-19,10:19,4:34 AM,27.66,86.03,4.0,Dolakha
570,2072-02-04,2015-05-18,14:56,9:11 AM,27.71,86.07,4.0,Dolakha
571,2072-02-04,2015-05-18,00:12,6:27 PM,28.11,84.88,4.0,Dhading
572,2072-02-04,2015-05-18,17:09,11:24 AM,27.69,86.26,4.0,Dolakha
573,2072-02-03,2015-05-17,02:25,8:40 PM,27.84,86.24,4.0,Dolakha
574,2072-02-03,2015-05-17,17:15,11:30 AM,27.48,85.87,4.0,Ramechhap
575,2072-02-03,2015-05-17,10:45,5:00 AM,27.73,86.06,4.0,Dolakha
576,2072-02-02,2015-05-16,08:00,2:15 AM,28.07,84.7,4.0,Gorkha
577,2072-02-02,2015-05-16,10:13,4:28 AM,27.65,86.12,4.0,Dolakha
578,2072-02-02,2015-05-16,10:23,4:38 AM,27.66,86.09,4.0,Dolakha
579,2072-02-02,2015-05-16,11:56,6:11 AM,27.97,85.48,4.0,Nuwakot
580,2072-02-02,2015-05-16,12:16,6:31 AM,28.13,84.89,4.0,Gorkha
581,2072-02-02,2015-05-16,15:09,9:24 AM,27.7,85.85,4.0,Sindhupalchowk
582,2072-02-02,2015-05-16,15:20,9:35 AM,27.45,85.31,4.0,Lalitpur
583,2072-02-02,2015-05-16,23:04,5:19 PM,27.6,86.26,5.0,Dolakha
584,2072-02-02,2015-05-16,02:29,8:44 PM,27.64,86.14,4.0,Dolakha
585,2072-02-01,2015-05-15,09:23,3:38 AM,27.63,86.25,4.0,Dolakha
586,2072-02-01,2015-05-15,09:51,4:06 AM,27.69,86.08,4.0,Dolakha
587,2072-02-01,2015-05-15,13:12,7:27 AM,27.93,84.84,5.0,Dhading
588,2072-02-01,2015-05-15,16:36,10:51 AM,27.92,84.84,4.0,Dhading
589,2072-02-01,2015-05-15,20:54,3:09 PM,27.61,86.2,4.0,Dolakha
590,2072-02-01,2015-05-15,04:43,10:58 PM,27.74,86.17,4.0,Dolakha
591,2072-01-31,2015-05-14,06:01,12:16 AM,27.92,86.31,4.0,Dolakha
592,2072-01-31,2015-05-14,08:58,3:13 AM,27.66,86.07,4.0,Dolakha
593,2072-01-31,2015-05-14,09:08,3:23 AM,27.67,86.08,5.0,Dolakha
594,2072-01-31,2015-05-14,14:37,8:52 AM,27.8,85.82,4.0,Sindupalchok
595,2072-01-31,2015-05-14,14:51,9:06 AM,27.83,86.15,4.0,Dolakha
596,2072-01-31,2015-05-14,21:05,3:20 PM,27.62,86.09,4.0,Dolakha
597,2072-01-31,2015-05-14,01:28,7:43 PM,27.75,86.14,4.0,Dolakha
598,2072-01-31,2015-05-14,02:06,8:21 PM,28.06,85.35,4.0,Rasuwa
599,2072-01-31,2015-05-14,02:35,8:50 PM,27.71,86.04,4.0,Dolakha
600,2072-01-31,2015-05-14,03:25,9:40 PM,27.84,85.84,4.0,Sindhupalchowk
601,2072-01-30,2015-05-13,16:18,10:33 AM,27.79,86.19,4.0,Dolakha
602,2072-01-30,2015-05-13,14:13,8:28 AM,27.75,86.25,4.0,Dolakha
603,2072-01-30,2015-05-13,13:53,8:08 AM,27.65,86.18,4.0,Dolakha
604,2072-01-30,2015-05-13,09:27,3:42 AM,27.85,85.92,4.0,Sindhupalchok
605,2072-01-30,2015-05-13,10:23,4:38 AM,27.82,86.47,4.0,Dolakha
606,2072-01-30,2015-05-13,08:55,3:10 AM,27.91,84.82,5.0,Dhading
607,2072-01-30,2015-05-13,07:52,2:07 AM,27.68,85.3,4.0,Kathmandu
608,2072-01-30,2015-05-13,17:56,12:11 PM,27.69,86.11,4.0,Sindhupalchok
609,2072-01-30,2015-05-13,18:07,12:22 PM,27.79,86.07,4.0,Dolakha
610,2072-01-30,2015-05-13,18:19,12:34 PM,27.84,86.25,4.0,Dolakha
611,2072-01-30,2015-05-13,03:21,9:36 PM,27.7,86.15,4.0,Dolakha
612,2072-01-30,2015-05-13,03:06,9:21 PM,27.64,85.7,4.0,Kavrepalanchok
613,2072-01-30,2015-05-13,22:29,4:44 PM,27.63,86.17,4.0,Dolakha
614,2072-01-30,2015-05-13,21:22,3:37 PM,27.85,86.29,4.0,Dolakha
615,2072-01-30,2015-05-13,20:15,2:30 PM,27.6,86.16,4.0,Dolakha
616,2072-01-30,2015-05-13,18:23,12:38 PM,27.68,86.17,5.0,Dolakha
617,2072-01-29,2015-05-12,19:36,1:51 PM,27.8,85.94,5.0,Sindhupalchok
618,2072-01-29,2015-05-12,19:51,2:06 PM,27.66,86.17,5.0,Dolakha
619,2072-01-29,2015-05-12,19:54,2:09 PM,27.79,86.11,5.0,Dolakha
620,2072-01-29,2015-05-12,20:04,2:19 PM,27.88,85.94,4.0,Sindhupalchok
621,2072-01-29,2015-05-12,20:05,2:20 PM,27.68,86.23,4.0,Dolakha
622,2072-01-29,2015-05-12,20:09,2:24 PM,27.69,86.21,4.0,Dolakha
623,2072-01-29,2015-05-12,20:32,2:47 PM,27.8,86.12,4.0,Dolakha
624,2072-01-29,2015-05-12,19:31,1:46 PM,27.68,86.04,4.0,Dolakha
625,2072-01-29,2015-05-12,19:18,1:33 PM,27.63,86.17,4.0,Dolakha
626,2072-01-29,2015-05-12,19:13,1:28 PM,27.69,86.24,5.0,Dolakha
627,2072-01-29,2015-05-12,18:47,1:02 PM,27.84,86.17,5.0,Dolakha
628,2072-01-29,2015-05-12,20:29,2:44 PM,27.76,86.31,5.0,Dolakha
629,2072-01-29,2015-05-12,19:43,1:58 PM,27.8,85.83,5.0,Sindhupalchok
630,2072-01-29,2015-05-12,19:06,1:21 PM,27.73,86.21,6.0,Dolakha
631,2072-01-29,2015-05-12,12:50,07:05,27.82,86.12,6.9,Dolakha
632,2072-01-29,2015-05-12,07:53,2:08 AM,28.16,84.9,4.0,Gorkha
633,2072-01-29,2015-05-12,05:52,12:07 AM,28.1,84.91,4.0,Dhading
634,2072-01-29,2015-05-12,20:59,3:14 PM,27.7,86.01,4.0,Dolakha
635,2072-01-29,2015-05-12,21:14,3:29 PM,27.8,85.95,4.0,Sindhupalchok
636,2072-01-29,2015-05-12,04:58,11:13 PM,27.58,86.41,4.0,Ramechhap
637,2072-01-29,2015-05-12,04:02,10:17 PM,27.68,86.04,4.0,Dolakha
638,2072-01-29,2015-05-12,00:32,6:47 PM,27.89,85.88,4.0,Sindhupalchok
639,2072-01-29,2015-05-12,02:58,9:13 PM,27.97,86.45,4.0,Tibet
640,2072-01-29,2015-05-12,02:29,8:44 PM,28.03,86.36,4.0,Tibet
641,2072-01-29,2015-05-12,01:27,7:42 PM,27.84,86.23,4.0,Dolakha
642,2072-01-29,2015-05-12,01:13,7:28 PM,27.78,85.85,4.0,Sindhupalchok
643,2072-01-29,2015-05-12,00:38,6:53 PM,27.72,85.97,4.0,Dolakha
644,2072-01-29,2015-05-12,23:58,6:13 PM,27.7,86.04,4.0,Dolakha
645,2072-01-29,2015-05-12,23:28,5:43 PM,27.71,86.0,4.0,Dolakha
646,2072-01-29,2015-05-12,22:51,5:06 PM,27.72,86.2,4.0,Dolakha
647,2072-01-29,2015-05-12,22:36,4:51 PM,27.62,86.16,4.0,Dolakha
648,2072-01-29,2015-05-12,22:11,4:26 PM,27.76,86.24,4.0,Dolakha
649,2072-01-29,2015-05-12,22:05,4:20 PM,27.73,86.11,5.0,Dolakha
650,2072-01-29,2015-05-12,22:01,4:16 PM,27.69,86.05,4.0,Dolakha
651,2072-01-29,2015-05-12,21:45,4:00 PM,27.57,86.29,4.0,Ramechhap
652,2072-01-29,2015-05-12,21:34,3:49 PM,27.68,86.03,4.0,Dolakha
653,2072-01-28,2015-05-11,02:20,8:35 PM,27.99,85.86,4.0,Sindhupalchowk
654,2072-01-28,2015-05-11,05:39,11:54 PM,27.91,85.75,4.0,Sindhupalchowk
655,2072-01-27,2015-05-10,21:08,3:23 PM,27.65,85.56,4.0,kavre
656,2072-01-27,2015-05-10,16:53,11:08 AM,28.02,85.25,4.0,Rasuwa
657,2072-01-27,2015-05-10,08:29,2:44 AM,26.94,86.67,4.0,Udayapur
658,2072-01-27,2015-05-10,12:19,6:34 AM,27.88,86.0,4.0,Sindhupalchowk
659,2072-01-27,2015-05-10,07:35,1:50 AM,28.04,85.96,4.0,Tibet
660,2072-01-26,2015-05-09,08:53,3:08 AM,28.04,85.2,4.0,Rasuwa
661,2072-01-25,2015-05-08,08:04,2:19 AM,27.94,85.58,4.0,Sindhupalchowk
662,2072-01-25,2015-05-08,12:02,6:17 AM,27.69,86.04,5.0,Dolakha
663,2072-01-25,2015-05-08,14:04,8:19 AM,27.75,85.91,4.0,Sindhupalchowk
664,2072-01-25,2015-05-08,19:17,1:32 PM,27.77,85.88,4.0,Sindhupalchowk
665,2072-01-25,2015-05-08,20:50,3:05 PM,28.01,85.41,4.0,Nuwakot
666,2072-01-24,2015-05-07,04:00,10:15 PM,27.92,85.46,4.0,Nuwakot
667,2072-01-24,2015-05-07,13:41,7:56 AM,27.79,85.16,4.0,Nuwakot
668,2072-01-24,2015-05-07,09:26,3:41 AM,27.75,85.19,4.0,Nuwakot
669,2072-01-23,2015-05-06,04:04,10:19 PM,28.04,85.26,4.0,Rasuwa
670,2072-01-23,2015-05-06,23:47,6:02 PM,28.01,84.68,4.0,Gorkha
671,2072-01-22,2015-05-05,12:24,6:39 AM,28.06,85.05,4.0,Dhading
672,2072-01-22,2015-05-05,22:08,4:23 PM,27.74,86.03,4.0,Dolakha
673,2072-01-22,2015-05-05,22:45,5:00 PM,27.96,86.0,4.0,Sindhupalchowk
674,2072-01-21,2015-05-04,10:44,4:59 AM,27.75,85.87,4.0,Sindhupalchowk
675,2072-01-21,2015-05-04,12:45,7:00 AM,27.69,85.99,4.0,Dolakha
676,2072-01-21,2015-05-04,15:39,9:54 AM,27.97,85.21,4.0,Nuwakot
677,2072-01-21,2015-05-04,16:18,10:33 AM,27.79,85.16,4.0,Nuwakot
678,2072-01-21,2015-05-04,16:21,10:36 AM,27.8,85.16,4.0,Nuwakot
679,2072-01-21,2015-05-04,20:19,2:34 PM,27.79,86.23,4.0,Dolakha
680,2072-01-21,2015-05-04,21:25,3:40 PM,27.95,85.86,4.0,Sindhupalchowk
681,2072-01-21,2015-05-04,19:02,1:17 PM,28.12,84.8,4.0,Gorkha
682,2072-01-21,2015-05-04,23:47,6:02 PM,27.74,86.0,4.0,Dolakha
683,2072-01-20,2015-05-03,09:14,3:29 AM,27.69,85.93,4.0,Sindhupalchowk
684,2072-01-20,2015-05-03,04:24,10:39 PM,28.05,84.94,4.0,Dhading
685,2072-01-20,2015-05-03,11:32,5:47 AM,28.08,85.04,4.0,Gorkha
686,2072-01-20,2015-05-03,13:45,8:00 AM,27.98,84.87,4.0,Dhading
687,2072-01-20,2015-05-03,16:31,10:46 AM,27.94,84.83,4.0,Dhading
688,2072-01-20,2015-05-03,23:05,5:20 PM,27.8,85.11,4.0,Nuwakot
689,2072-01-20,2015-05-03,00:43,6:58 PM,27.89,85.73,4.0,Sindhupalchowk
690,2072-01-20,2015-05-03,02:12,8:27 PM,28.09,85.72,4.0,Sindhupalchowk
691,2072-01-19,2015-05-02,09:40,3:55 AM,27.95,85.73,4.0,Sindhupalchowk
692,2072-01-19,2015-05-02,11:40,5:55 AM,27.74,86.28,4.0,Dolakha
693,2072-01-19,2015-05-02,15:17,9:32 AM,27.93,85.5,4.0,Sindhupalchowk
694,2072-01-19,2015-05-02,16:58,11:13 AM,27.72,85.74,4.0,Sindhupalchowk
695,2072-01-19,2015-05-02,17:05,11:20 AM,28.24,84.76,5.0,Gorkha
696,2072-01-19,2015-05-02,02:46,9:01 PM,27.66,86.01,4.0,Dolakha
697,2072-01-18,2015-05-01,06:43,12:58 AM,27.7,85.98,4.0,Dolakha
698,2072-01-18,2015-05-01,08:41,2:56 AM,27.68,85.3,4.0,Kathmandu
699,2072-01-18,2015-05-01,16:20,10:35 AM,27.75,85.95,4.0,Sindhupalchowk
700,2072-01-18,2015-05-01,17:13,11:28 AM,28.04,85.33,4.0,Rasuwa
701,2072-01-18,2015-05-01,23:22,5:37 PM,27.74,85.99,4.0,Dolakha
702,2072-01-18,2015-05-01,02:12,8:27 PM,27.88,85.87,4.0,Sindhupalchowk
703,2072-01-18,2015-05-01,05:44,11:59 PM,28.04,85.32,4.0,Rasuwa
704,2072-01-17,2015-04-30,12:07,6:22 AM,27.93,84.83,4.0,Dhading
705,2072-01-17,2015-04-30,14:16,8:31 AM,28.05,85.34,4.0,Rasuwa
706,2072-01-17,2015-04-30,19:14,1:29 PM,27.65,86.09,4.0,Dolakha
707,2072-01-17,2015-04-30,05:04,11:19 PM,27.92,85.87,4.0,Sindhupalchowk
708,2072-01-16,2015-04-29,10:34,4:49 AM,27.93,85.63,4.0,Sindhupalchowk
709,2072-01-16,2015-04-29,11:39,5:54 AM,27.79,85.14,4.0,Nuwakot
710,2072-01-16,2015-04-29,19:02,1:17 PM,28.04,85.37,4.0,Nuwakot
711,2072-01-16,2015-04-29,21:09,3:24 PM,27.86,84.89,4.0,Dhading
712,2072-01-16,2015-04-29,22:57,5:12 PM,27.95,85.52,4.0,Sindhupalchowk
713,2072-01-16,2015-04-29,04:46,11:01 PM,28.19,84.8,4.0,Gorkha
714,2072-01-15,2015-04-28,06:29,12:44 AM,28.29,84.93,4.0,Gorkha
715,2072-01-15,2015-04-28,08:44,2:59 AM,27.92,85.51,4.0,Sindhupalchowk
716,2072-01-15,2015-04-28,08:57,3:12 AM,27.89,85.76,4.0,Sindhupalchowk
717,2072-01-15,2015-04-28,09:56,4:11 AM,28.1,84.65,4.0,Gorkha
718,2072-01-15,2015-04-28,10:50,5:05 AM,28.1,85.49,4.0,Sindhupalchok
719,2072-01-15,2015-04-28,13:30,7:45 AM,27.81,86.09,4.0,Dolakha
720,2072-01-15,2015-04-28,14:25,8:40 AM,27.76,85.8,4.0,Sindhupalchowk
721,2072-01-15,2015-04-28,17:53,12:08 PM,27.96,85.55,4.0,Sindhupalchowk
722,2072-01-15,2015-04-28,20:55,3:10 PM,27.83,85.83,4.0,Sindhupalchowk
723,2072-01-15,2015-04-28,22:29,4:44 PM,27.78,85.17,4.0,Nuwakot
724,2072-01-15,2015-04-28,22:48,5:03 PM,27.88,85.88,4.0,Sindhupalchowk
725,2072-01-15,2015-04-28,03:52,10:07 PM,28.2,84.78,4.0,Gorkha
726,2072-01-14,2015-04-27,10:12,4:27 AM,27.82,85.76,4.0,Sindhupalchowk
727,2072-01-14,2015-04-27,10:02,4:17 AM,27.57,85.74,4.0,Kavrepalanchowk
728,2072-01-14,2015-04-27,10:00,4:15 AM,27.56,85.73,4.0,Kavrepalanchowk
729,2072-01-14,2015-04-27,09:22,3:37 AM,27.75,85.2,4.0,Kathmandu
730,2072-01-14,2015-04-27,06:24,12:39 AM,28.26,85.1,4.0,Rasuwa
731,2072-01-14,2015-04-27,12:09,6:24 AM,27.77,85.12,4.0,Nuwakot
732,2072-01-14,2015-04-27,14:03,8:18 AM,27.67,85.55,4.0,Kavrepalanchowk
733,2072-01-14,2015-04-27,15:44,9:59 AM,28.24,85.23,4.0,Rasuwa
734,2072-01-14,2015-04-27,05:15,11:30 PM,28.19,85.03,4.0,Dhading
735,2072-01-14,2015-04-27,04:24,10:39 PM,27.82,85.89,4.0,Sindhupalchowk
736,2072-01-14,2015-04-27,03:21,9:36 PM,27.67,85.29,4.0,Kathmandu
737,2072-01-14,2015-04-27,21:02,3:17 PM,27.8,85.12,4.0,Nuwakot
738,2072-01-14,2015-04-27,15:50,10:05 AM,27.93,85.86,4.0,Sindhupalchowk
739,2072-01-13,2015-04-26,08:37,2:52 AM,27.82,85.8,4.0,Sindhupalchowk
740,2072-01-13,2015-04-26,10:46,5:01 AM,27.99,85.02,5.0,Nuwakot
741,2072-01-13,2015-04-26,11:10,5:25 AM,27.69,85.25,4.0,Kathmandu
742,2072-01-13,2015-04-26,11:11,5:26 AM,27.67,86.07,4.0,Dolakha
743,2072-01-13,2015-04-26,11:17,5:32 AM,28.05,85.34,4.0,Rasuwa
744,2072-01-13,2015-04-26,11:45,6:00 AM,27.67,85.28,4.0,Kathmandu
745,2072-01-13,2015-04-26,12:01,6:16 AM,27.84,85.12,4.0,Nuwakot
746,2072-01-13,2015-04-26,14:28,8:43 AM,28.32,84.73,4.0,Gorkha
747,2072-01-13,2015-04-26,08:34,2:49 AM,27.98,84.99,4.0,Gorkha
748,2072-01-13,2015-04-26,08:02,2:17 AM,27.6,85.96,4.0,Sindhupalchowk
749,2072-01-13,2015-04-26,05:59,12:14 AM,27.94,85.55,4.0,Sindhupalchowk
750,2072-01-13,2015-04-26,06:28,12:43 AM,27.71,85.43,4.0,Kathmandu
751,2072-01-13,2015-04-26,07:14,1:29 AM,27.93,85.56,4.0,Sindhupalchowk
752,2072-01-13,2015-04-26,07:34,1:49 AM,28.05,85.35,4.0,Rasuwa
753,2072-01-13,2015-04-26,07:37,1:52 AM,28.14,84.71,4.0,Gorkha
754,2072-01-13,2015-04-26,07:41,1:56 AM,27.93,85.56,4.0,Sindhupalchowk
755,2072-01-13,2015-04-26,07:53,2:08 AM,28.25,85.83,4.0,Rasuwa
756,2072-01-13,2015-04-26,07:59,2:14 AM,28.24,84.82,4.0,Gorkha
757,2072-01-13,2015-04-26,14:40,8:55 AM,27.8,85.16,5.0,Nuwakot
758,2072-01-13,2015-04-26,14:51,9:06 AM,27.64,85.63,5.0,Kavre
759,2072-01-13,2015-04-26,02:02,8:17 PM,27.79,85.15,4.0,Nuwakot
760,2072-01-13,2015-04-26,02:14,8:29 PM,27.72,85.97,4.0,Sindhupalchowk
761,2072-01-13,2015-04-26,02:27,8:42 PM,28.31,84.97,4.0,Gorkha
762,2072-01-13,2015-04-26,03:32,9:47 PM,27.65,85.97,4.0,Dolakha
763,2072-01-13,2015-04-26,03:53,10:08 PM,27.67,85.3,4.0,Kathmandu
764,2072-01-13,2015-04-26,03:55,10:10 PM,27.95,85.87,5.0,Sindhupalchowk
765,2072-01-13,2015-04-26,04:27,10:42 PM,27.83,86.06,4.0,Dolakha
766,2072-01-13,2015-04-26,05:36,11:51 PM,27.91,85.55,4.0,Sindhupalchowk
767,2072-01-13,2015-04-26,00:53,7:08 PM,27.68,85.95,4.0,Dolakha
768,2072-01-13,2015-04-26,00:41,6:56 PM,27.89,85.6,5.0,Sindhupalchowk
769,2072-01-13,2015-04-26,16:20,10:35 AM,28.04,85.5,4.0,Sindhupalchowk
770,2072-01-13,2015-04-26,16:28,10:43 AM,28.26,85.02,4.0,Gorkha
771,2072-01-13,2015-04-26,18:39,12:54 PM,27.84,86.05,6.0,Dolakha
772,2072-01-13,2015-04-26,18:57,1:12 PM,27.75,85.94,5.0,Sindhupalchowk
773,2072-01-13,2015-04-26,19:07,1:22 PM,27.94,86.05,5.0,Tibet
774,2072-01-13,2015-04-26,20:10,2:25 PM,27.79,86.0,4.0,Sindhupalchowk
775,2072-01-13,2015-04-26,20:16,2:31 PM,27.97,85.81,4.0,Sindhupalchowk
776,2072-01-13,2015-04-26,21:12,3:27 PM,27.77,85.91,4.0,Sindhupalchowk
777,2072-01-12,2015-04-25,21:13,3:28 PM,28.29,85.16,4.0,Rasuwa
778,2072-01-12,2015-04-25,21:53,4:08 PM,27.87,85.8,4.0,Sindhupalchowk
779,2072-01-12,2015-04-25,16:25,10:40,27.86,85.85,4.0,Sindhupalchowk
780,2072-01-12,2015-04-25,16:50,11:05,27.91,85.5,4.0,Sindhupalchowk
781,2072-01-12,2015-04-25,17:26,11:41,28.14,85.28,4.0,Rasuwa
782,2072-01-12,2015-04-25,18:02,12:17,28.0,85.4,4.0,Nuwakot
783,2072-01-12,2015-04-25,18:29,12:44,28.16,84.71,5.0,Gorkha
784,2072-01-12,2015-04-25,19:15,13:30,28.1,85.2,4.0,Rasuwa
785,2072-01-12,2015-04-25,15:15,09:30,28.0,85.6,5.0,Sindhupalchowk
786,2072-01-12,2015-04-25,14:48,09:03,27.91,85.33,5.0,Nuwakot
787,2072-01-12,2015-04-25,11:56,06:11,28.24,84.75,7.6,Gorkha
788,2072-01-12,2015-04-25,12:30,06:45,28.28,84.72,6.6,Gorkha
789,2072-01-12,2015-04-25,12:41,06:56,28.13,85.65,5.0,Rasuwa
790,2072-01-12,2015-04-25,12:53,07:08,28.2,85.75,5.0,Rasuwa
791,2072-01-12,2015-04-25,14:02,08:17,27.78,85.84,5.0,Sindhupalchowk
792,2072-01-12,2015-04-25,14:05,08:20,27.9,84.86,5.0,Dhading
793,2072-01-12,2015-04-25,14:14,08:29,28.18,84.95,5.0,Gorkha
794,2072-01-12,2015-04-25,14:40,08:55,27.65,85.63,5.0,Kabre
795,2072-01-12,2015-04-25,19:38,13:53,27.79,85.16,4.0,Nuwakot
796,2072-01-12,2015-04-25,01:32,7:47 PM,27.68,85.32,4.0,Kathmandu
797,2072-01-12,2015-04-25,05:25,11:40 PM,28.1,85.27,4.0,Rasuwa
798,2072-01-12,2015-04-25,05:31,11:46 PM,27.78,85.98,4.0,Sindhupalchowk
799,2072-01-12,2015-04-25,12:23,06:38,28.41,85.8,5.5,Tibet
800,2072-01-12,2015-04-25,13:32,07:47,27.99,85.71,5.0,Tibet
801,2072-01-12,2015-04-25,05:12,11:27 PM,28.34,85.91,5.0,Tibet
802,2072-01-12,2015-04-25,18:24,12:39,27.82,86.05,4.0,Dolakha
803,2072-01-12,2015-04-25,01:06,7:21 PM,27.69,86.02,4.0,Dolakha
804,2072-01-12,2015-04-25,02:06,8:21 PM,27.6,86.09,4.0,Dolakha
805,2072-01-12,2015-04-25,05:10,11:25 PM,27.78,85.17,4.0,Nuwakot
806,2072-01-12,2015-04-25,05:09,11:24 PM,27.9,85.53,4.0,Sindhupalchowk
807,2072-01-12,2015-04-25,01:40,7:55 PM,27.73,85.9,4.0,Sindhupalchowk
808,2072-01-12,2015-04-25,01:53,8:08 PM,28.05,85.25,4.0,Rasuwa
809,2072-01-12,2015-04-25,02:10,8:25 PM,27.73,85.9,5.0,Sindhupalchowk
810,2072-01-12,2015-04-25,02:21,8:36 PM,28.14,85.16,4.0,Rasuwa
811,2072-01-12,2015-04-25,02:47,9:02 PM,27.95,85.56,4.0,Sindhupalchowk
812,2072-01-12,2015-04-25,03:57,10:12 PM,27.92,85.64,5.0,Sindhupalchowk
813,2072-01-12,2015-04-25,04:16,10:31 PM,27.8,85.29,4.0,Nuwakot
814,2072-01-12,2015-04-25,05:04,11:19 PM,27.77,85.83,4.0,Sindhupalchowk
815,2072-01-12,2015-04-25,16:08,10:23,27.87,85.8,4.0,Sindhupalchowk
816,2072-01-12,2015-04-25,15:28,09:43,28.29,85.16,4.0,Rasuwa
817,2072-01-10,2015-04-23,07:42,01:57,28.4,83.99,4.1,Kaski
818,2072-01-09,2015-04-22,12:59,07:14,28.8,81.92,4.5,Jajarkot
819,2072-01-08,2015-04-21,01:37,19:52,28.85,82.18,5.1,Jajarkot
820,2071-11-02,2015-02-14,04:36,22:51,27.42,87.01,4.5,Bhojpur
821,2071-10-17,2015-01-31,01:29,19:44,28.29,83.73,5.5,Parbat
822,2071-10-08,2015-01-22,15:12,09:27,29.36,81.03,4.4,Doti
823,2071-09-22,2015-01-06,07:11,01:26,29.07,81.51,4.5,Dailekh
824,2071-09-03,2014-12-18,21:17,15:32,27.73,86.52,5.9,Ramechhap
825,2071-08-09,2014-11-25,21:34,15:49,28.25,84.94,4.5,Gorkha
826,2071-06-01,2014-09-17,16:14,10:29,27.76,88.05,4.5,Taplejung
827,2071-04-18,2014-08-03,23:42,17:57,29.45,85.64,5.9,Tibet
828,2071-03-23,2014-07-07,22:22,16:37,29.73,80.93,4.2,Darchula
829,2071-03-20,2014-07-04,11:43,05:58,27.83,87.91,4.6,Taplejung
830,2071-02-11,2014-05-25,08:31,02:46,28.23,84.09,4.1,Kaski
831,2071-02-06,2014-05-20,00:21,18:36,28.32,84.73,4.3,Gorkha
832,2071-01-10,2014-04-23,12:59,07:14,27.3,87.62,4.0,Taplejung
833,2070-12-28,2014-04-11,23:07,17:22,29.29,81.26,4.2,Achham
834,2070-12-17,2014-03-31,13:36,07:51,30.11,81.93,4.4,Humla
835,2070-07-17,2013-11-03,12:32,06:47,29.56,81.68,4.3,Bajura
836,2070-07-11,2013-10-28,07:22,01:37,27.36,87.37,4.3,Sankhuwasava
837,2070-06-27,2013-10-13,03:28,21:43,30.08,81.74,4.5,Humla
838,2070-06-17,2013-10-03,11:57,06:12,27.14,88.51,5.7,Sikkim
839,2070-06-06,2013-09-22,20:20,14:35,30.25,81.55,4.4,Humla
840,2070-05-27,2013-09-12,10:14,04:29,26.96,87.34,4.5,Dhankuta
841,2070-05-14,2013-08-30,23:33,17:48,28.43,86.03,6.0,Tibet
842,2070-03-14,2013-06-28,17:25,11:40,28.76,82.4,5.5,Rukum West
843,2070-03-13,2013-06-27,12:05,06:20,30.05,80.8,4.4,Darchula
844,2070-03-12,2013-06-26,04:07,22:22,26.85,85.96,4.4,Dhanusha
845,2070-02-26,2013-06-09,21:56,16:11,27.31,86.7,4.2,Khotang
846,2070-02-17,2013-05-31,11:49,06:04,29.74,81.6,4.5,Bajura
847,2070-02-12,2013-05-26,23:23,17:38,27.72,85.91,4.2,Sindhupalchok
848,2070-01-31,2013-05-14,08:58,03:13,29.56,82.0,4.3,Mugu
849,2070-01-31,2013-05-14,09:03,03:18,29.68,82.0,4.4,Mugu
850,2070-01-31,2013-05-14,15:44,09:59,29.65,81.98,4.5,Mugu
851,2070-01-15,2013-04-28,00:13,18:28,29.87,81.26,4.9,Bajhang
852,2069-12-04,2013-03-17,17:44,11:59,26.74,86.08,4.2,Dhanusha
853,2069-11-23,2013-03-06,22:34,16:49,28.57,82.27,5.4,Salyan
854,2069-11-11,2013-02-22,08:26,02:41,28.39,83.18,4.1,Baglung
855,2069-10-25,2013-02-07,06:53,01:08,29.42,81.05,4.0,Bajhang
856,2069-10-05,2013-01-18,02:44,20:59,29.48,81.26,4.5,Bajhang
857,2069-09-29,2013-01-13,23:20,17:35,26.84,86.22,4.0,Siraha
858,2069-09-25,2013-01-09,13:29,07:44,29.82,81.7,5.5,Bajura
859,2069-09-18,2013-01-02,23:27,17:42,29.41,81.0,4.7,Doti
860,2069-09-07,2012-12-22,11:50,06:05,28.27,82.84,4.5,Rolpa
861,2069-08-19,2012-12-04,08:46,03:01,28.88,82.34,4.0,Jajarkot
862,2069-07-27,2012-11-12,18:27,12:42,29.55,81.31,4.5,Bajhang
863,2069-07-26,2012-11-11,00:24,18:39,29.51,81.13,5.6,Bajhang
864,2069-07-06,2012-10-22,12:41,06:56,27.95,87.86,4.5,Taplejung/Tibet
865,2069-06-01,2012-09-17,15:30,09:45,28.59,82.41,4.4,Rukum West
866,2069-05-14,2012-08-30,19:56,14:11,28.61,82.43,4.5,Rukum West
867,2069-05-13,2012-08-29,01:39,19:54,28.4,82.79,4.3,Rolpa
868,2069-05-12,2012-08-28,14:16,08:31,28.73,81.81,4.4,Dailekh
869,2069-05-08,2012-08-24,09:40,03:55,28.42,82.75,5.2,Rolpa
870,2069-05-08,2012-08-24,18:02,12:17,28.38,82.66,4.4,Rolpa
871,2069-05-07,2012-08-23,22:27,16:42,28.39,82.73,4.4,Rolpa
872,2069-05-07,2012-08-23,22:15,16:30,28.38,82.84,5.6,Rolpa
873,2069-04-22,2012-08-06,07:38,01:53,27.77,88.13,4.2,Taplejung
874,2069-04-16,2012-07-31,17:35,11:50,28.58,82.48,5.0,Rukum West
875,2069-04-16,2012-07-31,17:43,11:58,28.53,82.42,4.8,Rukum West
876,2069-04-16,2012-07-31,17:50,12:05,28.55,82.37,4.2,Salyan
877,2069-04-13,2012-07-28,11:33,05:48,30.12,80.54,5.0,India
878,2069-03-27,2012-07-11,23:08,17:23,29.43,81.03,4.9,Bajhang
879,2069-03-17,2012-07-01,13:39,07:54,27.27,88.05,4.0,Panchthar/Sikkim
880,2069-03-01,2012-06-15,22:00,16:15,28.99,81.58,4.2,Dailekh
881,2069-02-29,2012-06-11,10:20,04:35,27.25,88.0,4.5,Panchthar
882,2069-02-27,2012-06-09,13:39,07:54,28.32,84.17,5.1,Kaski
883,2069-02-17,2012-05-30,15:19,09:34,27.31,87.88,4.2,Taplejung
884,2069-01-05,2012-04-17,04:58,23:13,28.5,82.06,4.2,Salyan
885,2068-12-29,2012-04-11,08:37,02:52,29.55,81.24,4.3,Bajhang
886,2068-12-14,2012-03-27,05:25,23:40,26.12,87.87,5.2,India
887,2068-12-06,2012-03-19,04:21,22:36,28.7,82.02,4.7,Jajarkot
888,2068-11-14,2012-02-26,04:41,22:56,29.71,81.02,4.4,Bajhang
889,2068-11-14,2012-02-26,04:53,23:08,29.86,81.05,4.9,Bajhang
890,2068-11-02,2012-02-14,19:26,13:41,27.38,88.11,4.5,Panchthar/Sikkim
891,2068-11-02,2012-02-14,19:33,13:48,27.33,88.03,4.4,Panchthar
892,2068-10-22,2012-02-05,01:51,20:06,27.25,88.07,4.0,Panchthar/Sikkim
893,2068-10-10,2012-01-24,09:52,04:07,26.84,86.43,4.0,Siraha
894,2068-10-05,2012-01-19,06:31,00:46,29.73,81.91,4.6,Humla
895,2068-10-04,2012-01-18,17:01,11:16,26.63,86.4,4.5,Siraha
896,2068-09-27,2012-01-11,14:44,08:59,28.89,81.89,4.2,Dailekh
897,2068-09-15,2011-12-30,07:55,2:10 AM,29.62,81.53,4.0,Bajura
898,2068-09-03,2011-12-18,03:20,21:35,27.73,88.16,4.6,Taplejung
899,2068-08-28,2011-12-14,02:05,20:20,27.72,88.09,4.9,Taplejung
900,2068-08-23,2011-12-09,17:42,11:57,27.83,88.13,4.2,Taplejung
901,2068-08-22,2011-12-08,23:25,5:40 PM,27.97,82.86,4.0,Pyuthan
902,2068-08-16,2011-12-02,11:02,05:17,28.05,85.34,4.2,Rasuwa
903,2068-08-07,2011-11-23,06:11,00:26,28.91,81.68,4.2,Dailekh
904,2068-08-03,2011-11-19,05:51,00:06,27.7,86.1,4.0,Dolakha
905,2068-07-27,2011-11-13,05:31,23:46,28.2,84.93,5.2,Gorkha
906,2068-07-22,2011-11-08,23:52,18:07,27.94,85.55,4.1,Sindhupalchowk
907,2068-07-18,2011-11-04,22:34,16:49,28.34,83.66,4.0,Parbat
908,2068-06-15,2011-10-02,17:14,11:29,29.55,81.68,4.2,Bajura
909,2068-06-14,2011-10-01,10:11,04:26,30.16,81.81,4.7,Humla
910,2068-06-01,2011-09-18,18:25,12:40,27.78,88.32,6.8,Sikkim
911,2068-05-10,2011-08-27,13:36,07:51,26.94,86.6,5.0,Udayapur
912,2068-05-08,2011-08-25,13:46,08:01,28.15,82.53,4.4,Rolpa
913,2068-05-05,2011-08-22,20:36,14:51,28.29,83.96,4.0,Kaski
914,2068-05-02,2011-08-19,07:37,01:52,29.7,81.34,4.9,Bajhang
915,2068-05-01,2011-08-18,14:20,08:35,28.21,84.31,4.0,Lamjung
916,2068-04-30,2011-08-15,22:33,16:48,27.44,86.27,5.0,Okhaldhunga
917,2068-04-24,2011-08-09,06:54,01:09,29.9,81.31,4.3,Bajhang
918,2068-04-17,2011-08-02,07:32,01:47,27.35,86.35,4.0,Okhaldhunga
919,2068-04-13,2011-07-29,18:56,13:11,27.19,86.76,4.2,Khotang
920,2068-03-31,2011-07-15,01:44,19:59,27.28,87.3,4.5,Sankhuwasabha
921,2068-03-04,2011-06-18,23:16,17:31,27.83,87.35,4.3,Sankhuwasabha
922,2068-03-03,2011-06-17,09:22,03:37,30.24,81.48,4.2,Humla
923,2068-02-28,2011-06-11,17:26,11:41,28.4,82.55,4.1,Rolpa
924,2068-02-28,2011-06-11,10:27,04:42,28.41,82.66,4.2,Rolpa
925,2068-02-20,2011-06-03,06:38,00:53,27.6,88.03,5.2,Taplejung
926,2067-12-24,2011-04-07,15:54,10:09,27.93,85.61,4.1,Sindhupalchowk
927,2067-12-22,2011-04-05,06:45,01:00,29.74,80.37,4.1,Darchula
928,2067-12-21,2011-04-04,17:16,11:31,29.92,80.54,5.7,Darchula
929,2067-12-21,2011-04-04,19:27,13:42,30.0,80.81,4.3,Darchula
930,2067-12-08,2011-03-22,10:55,05:10,28.11,82.74,4.2,Pyuthan
931,2067-11-28,2011-03-12,05:51,00:06,28.31,83.78,4.4,Kaski
932,2067-11-27,2011-03-11,22:43,16:58,28.31,83.8,4.3,Kaski
933,2067-11-26,2011-03-10,22:34,16:49,28.02,85.24,4.3,Rasuwa
934,2067-11-10,2011-02-22,01:29,19:44,27.57,87.01,4.2,Sankhuwasabha
935,2067-11-01,2011-02-13,23:36,17:51,27.47,87.01,4.7,Sankhuwasabha
936,2067-10-04,2011-01-18,12:47,07:02,27.8,85.94,4.3,Sindhupalchowk
937,2067-10-04,2011-01-18,09:20,03:35,30.03,81.97,4.1,Humla
938,2067-09-03,2010-12-18,12:15,06:30,28.18,84.79,4.1,Gorkha
939,2067-08-19,2010-12-05,12:22,06:37,29.57,81.7,4.2,Bajura
940,2067-08-14,2010-11-30,22:05,16:20,26.93,85.79,4.4,Mahottari
941,2067-08-09,2010-11-25,19:50,14:05,28.44,83.17,4.7,Baglung
942,2067-06-31,2010-10-17,02:56,21:11,28.64,85.71,5.7,Tibet
943,2067-05-16,2010-09-01,03:57,22:12,28.23,84.37,4.0,Lamjung
944,2067-02-30,2010-06-13,20:23,14:38,29.4,81.38,4.5,Bajura
945,2067-02-30,2010-06-13,20:16,14:31,29.6,81.65,5.4,Bajura
946,2067-01-30,2010-05-13,11:50,06:05,28.3,84.51,4.4,Lamjung
947,2067-01-17,2010-04-30,05:55,00:10,27.75,86.36,4.0,Dolakha
948,2067-01-01,2010-04-14,12:04,06:19,28.31,83.09,4.2,Baglung
949,2066-12-31,2010-04-13,19:53,14:08,29.37,81.34,4.5,Bajura
950,2066-11-17,2010-03-01,08:38,02:53,29.76,81.55,4.3,Bajhang
951,2066-11-16,2010-02-28,17:39,11:54,28.4,81.51,4.2,Bardiya
952,2066-11-13,2010-02-25,19:51,14:06,29.78,81.51,4.7,Bajhang
953,2066-11-05,2010-02-17,14:52,09:07,26.79,86.08,4.2,Dhanusa
954,2066-10-04,2010-01-18,12:00,06:15,28.37,83.97,4.0,Kaski
955,2066-09-01,2009-12-16,11:58,06:13,29.6,81.51,4.8,Bajura
956,2066-08-30,2009-12-15,22:01,16:16,28.28,84.4,4.1,Lamjung
957,2066-08-07,2009-11-22,15:41,09:56,29.02,82.15,4.8,Jajarkot
958,2066-07-22,2009-11-08,01:14,19:29,30.11,81.91,4.3,Humla
959,2066-07-16,2009-11-02,04:29,22:44,27.87,87.94,4.0,Taplejung
960,2066-07-15,2009-11-01,14:35,08:50,30.1,81.81,4.5,Humla
961,2066-07-12,2009-10-29,00:24,18:39,28.73,83.11,4.1,Rukum East
962,2066-06-10,2009-09-26,01:36,19:51,29.81,82.05,4.3,Humla
963,2066-04-18,2009-08-02,15:49,10:04,28.12,85.18,4.0,Rasuwa
964,2066-03-28,2009-07-12,19:20,13:35,27.71,86.36,4.5,Dolakha
965,2066-01-31,2009-05-14,01:58,20:13,27.43,87.35,4.2,Sankhuwasava
966,2066-01-31,2009-05-14,01:03,19:18,27.48,87.36,4.6,Sankhuwasava
967,2065-12-31,2009-04-13,20:34,14:49,28.25,84.54,4.3,Lamjung
968,2065-11-29,2009-03-12,15:57,10:12,28.43,84.42,4.2,Lamjung
969,2065-11-25,2009-03-08,20:23,14:38,27.41,87.8,4.6,Taplejung
970,2065-10-10,2009-01-23,18:12,12:27,29.05,81.4,4.2,Achham
971,2065-09-26,2009-01-10,06:13,00:28,27.9,88.04,4.2,Taplejung
972,2065-09-14,2008-12-29,08:08,02:23,30.13,82.03,4.0,Humla
973,2065-09-11,2008-12-26,17:28,11:43,30.09,81.9,4.5,Humla
974,2065-09-08,2008-12-23,03:04,21:19,28.18,84.38,4.4,Lamjung
975,2065-09-04,2008-12-19,12:18,06:33,30.1,81.91,4.4,Humla
976,2065-08-23,2008-12-08,14:44,08:59,30.15,81.86,6.3,Humla
977,2065-08-17,2008-12-02,15:00,09:15,27.33,87.92,4.1,Taplejung
978,2065-08-17,2008-12-02,13:23,07:38,27.29,87.92,4.3,Taplejung
979,2065-08-17,2008-12-02,11:55,06:10,27.3,87.99,4.1,Panchthar
980,2065-08-17,2008-12-02,10:56,05:11,27.3,88.03,4.1,Panchthar
981,2065-08-17,2008-12-02,10:56,05:11,27.32,87.99,5.6,Taplejung
982,2065-08-16,2008-12-01,15:08,09:23,28.18,85.29,5.0,Rasuwa
983,2065-06-21,2008-10-07,23:54,18:09,27.47,87.71,4.6,Taplejung
984,2065-05-25,2008-09-10,01:10,19:25,28.4,83.03,4.1,Baglung
985,2065-04-18,2008-08-02,03:49,22:04,28.18,85.29,4.4,Rasuwa
986,2065-03-06,2008-06-20,23:50,18:05,27.98,85.73,4.8,Sindhupalchowk
987,2065-03-01,2008-06-15,09:12,03:27,29.73,80.96,5.0,Darchula
988,2065-02-20,2008-06-02,04:09,22:24,27.8,85.91,4.1,Sindhupalchowk
989,2065-02-07,2008-05-20,00:55,19:10,28.33,83.33,4.3,Baglung
990,2065-01-26,2008-05-08,21:20,15:35,27.5,87.52,4.2,Taplejung
991,2064-12-04,2008-03-17,00:40,18:55,29.76,81.53,4.6,Bajhang
992,2064-11-19,2008-03-02,19:59,14:14,29.69,81.76,4.4,Humla
993,2064-11-04,2008-02-16,08:34,02:49,26.79,86.25,4.2,Siraha
994,2064-11-02,2008-02-14,04:58,23:13,27.8,88.15,4.1,Taplejung
995,2064-10-01,2008-01-15,19:22,13:37,27.37,86.53,4.1,Okhaldhunga
996,2064-08-15,2007-12-01,00:03,18:18,28.05,85.28,4.1,Rasuwa
997,2064-07-19,2007-11-05,23:17,17:32,28.2,84.45,4.5,Lamjung
998,2064-07-12,2007-10-29,15:34,09:49,27.9,85.45,5.0,Nuwakot
999,2064-06-25,2007-10-12,15:48,10:03,27.75,86.12,4.0,Dolakha
1000,2064-05-21,2007-09-07,14:27,08:42,27.72,86.26,4.1,Dolakha
1001,2064-05-21,2007-09-07,12:24,06:39,28.05,85.33,4.2,Rasuwa
1002,2064-04-26,2007-08-11,20:20,14:35,27.28,87.9,5.2,Panchthar
1003,2064-04-21,2007-08-06,06:38,00:53,27.84,85.69,4.1,Sindhupalchowk
1004,2064-04-18,2007-08-03,12:31,06:46,27.2,87.04,4.5,Bhojpur
1005,2064-04-18,2007-08-03,09:35,03:50,27.24,87.03,4.5,Bhojpur
1006,2064-04-18,2007-08-03,13:56,08:11,27.24,87.02,4.0,Bhojpur
1007,2064-04-18,2007-08-03,02:29,20:44,27.21,87.97,4.4,Panchthar
1008,2064-04-16,2007-08-01,21:02,15:17,29.49,81.91,4.6,Mugu
1009,2064-04-14,2007-07-30,00:58,19:13,27.24,87.02,4.1,Bhojpur
1010,2064-03-23,2007-07-07,20:58,15:13,28.08,85.3,4.0,Rasuwa
1011,2064-03-03,2007-06-17,08:15,02:30,27.83,84.91,4.2,Dhading
1012,2064-02-21,2007-06-04,13:32,07:47,27.36,83.98,4.2,Chitwan/Bihar
1013,2064-02-02,2007-05-16,10:02,04:17,27.5,88.08,4.6,Taplejung/Sikkim
1014,2063-11-26,2007-03-10,19:10,13:25,29.5,81.21,4.9,Bajhang
1015,2063-11-03,2007-02-15,14:54,09:09,29.83,81.45,5.2,Bajhang
1016,2063-10-23,2007-02-06,01:53,20:08,28.35,83.42,4.1,Baglung
1017,2063-10-23,2007-02-06,01:55,20:10,28.35,83.43,4.2,Myagdi
1018,2063-10-22,2007-02-05,13:42,07:57,29.99,81.05,4.1,Bajhang
1019,2063-07-25,2006-11-11,21:29,15:44,27.21,87.63,4.2,Tehrathum
1020,2063-06-10,2006-09-26,09:49,04:04,30.1,80.83,4.5,Darchula
1021,2063-06-03,2006-09-19,12:41,06:56,29.62,81.54,5.0,Bajura
1022,2063-06-01,2006-09-17,02:57,21:12,26.98,87.8,4.2,Illam
1023,2063-05-14,2006-08-30,00:10,18:25,29.05,83.6,4.3,Dolpa
1024,2063-04-30,2006-08-15,06:15,00:30,27.89,85.7,4.3,Sindhupalchowk
1025,2063-01-22,2006-05-05,13:45,08:00,29.43,81.26,4.8,Bajura
1026,2062-12-22,2006-04-04,14:08,08:23,27.91,85.83,4.6,Sindhupalchowk
1027,2062-11-07,2006-02-19,03:03,21:18,28.24,83.89,4.7,Kaski
1028,2062-10-21,2006-02-03,07:42,01:57,27.18,86.8,5.4,Khotang
1029,2062-07-20,2005-11-06,07:21,01:36,29.61,82.02,5.1,Mugu
1030,2062-07-14,2005-10-31,03:32,21:47,28.65,84.83,4.7,Gorkha/ Tibet
1031,2062-07-14,2005-10-31,11:36,05:51,29.59,82.2,5.4,Mugu
1032,2062-07-12,2005-10-29,05:17,23:32,29.45,81.94,5.3,Mugu
1033,2062-05-12,2005-08-28,18:59,13:14,27.31,87.22,5.5,Sankhuwasava
1034,2062-04-24,2005-08-08,05:38,23:53,27.98,85.51,4.2,Sindhupalchowk
1035,2062-04-12,2005-07-27,07:51,02:06,27.42,86.83,4.3,Khotang
1036,2062-02-32,2005-06-14,20:08,14:23,27.28,87.89,4.6,Panchthar
1037,2062-01-22,2005-05-05,11:30,05:45,27.69,87.7,4.1,Taplejung
1038,2062-01-02,2005-04-15,22:12,16:27,27.92,85.71,4.1,Sindhupalchowk
1039,2061-12-25,2005-04-07,07:25,01:40,29.35,81.88,4.2,Kalikot
1040,2061-12-22,2005-04-04,10:25,4:40,28.54,83.31,4.1,Myagdi
1041,2061-12-22,2005-04-04,10:13,04:28,28.56,83.18,4.1,Myagdi
1042,2061-12-22,2005-04-04,10:50,05:05,28.54,83.31,4.1,Myagdi
1043,2061-12-16,2005-03-29,21:36,15:51,28.11,84.77,4.4,Gorkha
1044,2061-12-16,2005-03-29,15:09,09:24,28.04,84.74,4.0,Gorkha
1045,2061-12-16,2005-03-29,18:39,12:54,28.14,84.8,4.1,Gorkha
1046,2061-12-16,2005-03-29,07:06,01:21,28.15,84.37,4.0,Lamjung
1047,2061-12-06,2005-03-19,16:39,10:54,28.25,84.39,5.4,Lamjung
1048,2061-11-22,2005-03-05,18:04,12:19,28.27,84.39,5.0,Lamjung
1049,2061-10-26,2005-02-08,07:36,01:51,27.76,86.07,5.1,Dolakha
1050,2061-10-03,2005-01-16,14:28,08:43,29.68,81.14,5.0,Bajhang
1051,2061-09-12,2004-12-27,03:06,21:21,27.76,86.2,4.2,Dolakaha
1052,2061-09-11,2004-12-26,19:31,13:46,29.9,81.63,4.3,Bajura
1053,2061-08-02,2004-11-17,16:24,10:39,28.26,84.67,4.1,Gorkha
1054,2061-07-24,2004-11-09,16:35,10:50,28.76,82.93,4.4,Rukum East
1055,2061-06-19,2004-10-05,16:10,10:25,26.82,86.55,4.1,Siraha
1056,2061-05-27,2004-09-12,14:33,08:48,29.5,81.84,4.3,Mugu
1057,2061-05-17,2004-09-02,04:24,22:39,27.87,85.93,4.1,Sindhupalchowk
1058,2061-05-06,2004-08-22,23:04,17:19,28.03,85.24,4.1,Rasuwa
1059,2061-04-05,2004-07-20,09:20,03:35,27.96,85.88,4.5,Sindhupalchok
1060,2061-04-01,2004-07-16,02:18,20:33,28.32,84.06,4.6,Kaski
1061,2061-02-16,2004-05-29,21:51,16:06,28.59,82.98,4.3,Baglung
1062,2061-02-16,2004-05-29,18:07,12:22,28.55,82.96,4.9,Baglung
1063,2060-12-18,2004-03-31,04:17,22:32,27.18,87.63,4.6,Terhathum
1064,2060-12-04,2004-03-17,10:29,04:44,27.67,87.82,4.1,Taplejung
1065,2060-11-06,2004-02-18,07:08,01:23,27.61,87.8,4.7,Taplejung
1066,2060-11-02,2004-02-14,13:15,7:30,29.67,80.88,4.3,Bhajhang
1067,2060-10-19,2004-02-02,09:06,03:21,29.32,81.53,4.1,Kalikot
1068,2060-09-23,2004-01-07,05:06,23:21,28.07,85.0,4.0,Dhading
1069,2060-09-19,2004-01-03,19:25,13:40,27.77,86.05,4.1,Dolakha
1070,2060-09-19,2004-01-03,18:59,13:14,27.76,86.07,5.5,Dolakha
1071,2060-09-04,2003-12-19,09:05,03:20,27.6,87.67,4.2,Taplejung
1072,2060-08-25,2003-12-11,20:29,14:44,29.85,80.54,4.1,Darchula/India
1073,2060-08-19,2003-12-05,23:38,17:53,28.4,83.93,4.0,Kaski
1074,2060-08-07,2003-11-23,01:00,19:15,28.45,83.94,4.5,Kaski
1075,2060-08-06,2003-11-22,10:52,05:07,28.44,83.9,5.0,Kaski
1076,2060-07-19,2003-11-05,18:04,12:19,27.78,86.16,4.1,Dolakha
1077,2060-07-12,2003-10-29,13:44,07:59,27.26,86.69,4.0,Khotang
1078,2060-06-12,2003-09-29,09:25,03:40,27.52,87.85,4.6,Taplejung
1079,2060-06-07,2003-09-24,06:30,00:45,29.0,81.95,4.3,Kalikot
1080,2060-04-20,2003-08-05,10:12,04:27,27.99,86.03,4.2,Sidhupalchowk/ Tibet
1081,2060-04-17,2003-08-02,06:58,01:13,29.51,82.1,4.4,Mugu
1082,2060-04-12,2003-07-28,08:30,02:45,28.75,82.52,4.5,Rukum West
1083,2060-03-09,2003-06-23,18:15,12:30,27.79,87.97,4.8,Taplejung
1084,2059-12-21,2003-04-04,12:47,07:02,30.1,80.39,5.0,"Pithoragarh, India"
1085,2059-11-14,2003-02-26,01:43,19:58,28.32,86.54,4.6,Tibet
1086,2059-08-04,2002-11-20,05:12,23:27,29.64,81.52,4.7,Bajura
1087,2059-06-25,2002-10-11,00:44,18:59,28.28,83.94,4.0,Kaski
1088,2059-06-23,2002-10-09,19:33,13:48,28.18,83.9,4.1,Syangja
1089,2059-05-24,2002-09-09,20:22,14:37,28.98,80.74,4.1,Kailali
1090,2059-04-26,2002-08-11,13:54,08:09,26.97,86.4,4.1,Udayapur
1091,2059-03-32,2002-07-16,00:24,18:39,27.75,87.36,4.3,Sankhuwasabha
1092,2059-03-18,2002-07-02,22:55,17:10,27.17,84.82,4.1,Parsa
1093,2059-03-06,2002-06-20,11:25,05:40,25.63,88.38,5.5,Bangladesh
1094,2059-02-30,2002-06-13,23:58,18:13,28.23,84.86,4.0,Gorkha
1095,2059-02-24,2002-06-07,20:31,14:46,28.77,81.12,4.0,Kailali
1096,2059-02-22,2002-06-05,18:23,12:38,28.86,80.75,4.0,Kailali
1097,2059-02-21,2002-06-04,20:41,14:56,28.79,80.53,4.0,Kanchanpur
1098,2059-01-19,2002-05-02,23:20,17:35,27.67,86.67,5.2,Solukhumbu
1099,2059-01-02,2002-04-15,15:41,9:56,26.87,86.31,4.0,Siraha
1100,2058-12-27,2002-04-09,13:08,07:23,27.46,86.14,4.0,Ramechhap
1101,2058-10-21,2002-02-03,13:26,7:41,27.72,86.37,4.1,Dolakha
1102,2058-09-04,2001-12-19,13:39,7:54,23.83,89.88,4.8,Bangaladesh
1103,2058-09-03,2001-12-18,08:06,2:21,29.58,81.77,4.7,Bajura
1104,2058-08-13,2001-11-28,15:50,10:05,29.59,81.77,4.5,Bajura
1105,2058-08-12,2001-11-27,23:41,17:56,29.52,81.99,5.2,Mugu
1106,2058-08-12,2001-11-27,14:38,08:53,29.53,81.81,5.8,Mugu
1107,2058-08-12,2001-11-27,13:16,07:31,29.63,81.79,5.7,Humla
1108,2058-07-11,2001-10-27,16:52,11:07,29.56,81.46,4.7,Bajura
1109,2058-06-11,2001-09-27,03:49,22:04,26.98,87.78,4.8,Ilam
1110,2058-05-28,2001-09-13,12:05,06:20,29.82,80.64,5.0,Darchula
1111,2058-04-01,2001-07-16,04:46,23:01,28.27,84.25,4.8,Lamjung
1112,2058-04-01,2001-07-16,21:57,16:12,27.97,84.68,5.9,Gorkha
1113,2058-03-27,2001-07-11,01:29,19:44,29.51,81.39,4.3,Bajura
1114,2058-01-02,2001-04-15,14:21,08:36,29.41,81.58,4.5,Bajura
1115,2057-12-21,2001-04-03,04:53,23:08,27.88,86.21,5.1,Dolakha
1116,2057-10-13,2001-01-26,09:01,3:16,24.17,69.85,7.0,"Bhuj,India"
1117,2057-09-16,2000-12-31,04:36,22:51,27.84,87.71,4.1,Taplejung/Tibet
1118,2057-05-17,2000-09-02,10:06,04:21,28.07,85.33,4.5,Rasuwa
1119,2057-02-20,2000-06-02,23:54,18:09,28.07,83.29,4.2,Gulmi
1120,2057-01-18,2000-04-30,01:16,19:31,27.68,86.93,4.0,Solukhumbu
1121,2056-12-04,2000-03-17,10:43,4:58,27.76,87.55,4.2,Sankhuwasabha
1122,2056-11-30,2000-03-13,04:54,23:09,29.77,81.41,4.2,Bajhang
1123,2056-11-30,2000-03-13,02:29,20:44,27.73,87.71,5.1,Taplejung
1124,2056-10-11,2000-01-25,17:52,12:07,27.38,86.06,4.6,Panchthar/Sikkim
1125,2056-06-03,1999-09-20,13:13,07:28,27.44,87.85,4.9,Taplejung
1126,2056-05-10,1999-08-26,01:36,19:51,27.46,86.44,4.2,Okhaldhunga
1127,2056-04-16,1999-08-01,14:09,8:24,28.09,86.52,5.7,Dolakha/Tibet
1128,2055-12-24,1999-04-07,12:42,06:57,29.6,81.23,4.4,Bajhang
1129,2055-12-14,1999-03-28,00:50,19:05,30.5,79.26,6.5,"Chamauli,India"
1130,2055-12-05,1999-03-19,11:38,05:53,27.93,85.83,4.8,Sindhupalchowk
1132,2055-10-18,1999-02-01,07:10,01:25,28.61,83.35,4.7,Myagdi
1133,2055-05-25,1998-09-10,04:42,22:57,27.35,88.36,5.0,Taplejung/Sikkim
1134,2055-05-21,1998-09-06,03:20,21:35,87.84,87.0,4.6,Sankhuwasabha
1135,2055-05-19,1998-09-04,03:01,21:16,27.78,86.96,4.0,Solukhumbu
1136,2055-05-18,1998-09-03,00:00,18:15,27.87,86.96,5.6,Solukhumbu
1137,2055-05-04,1998-08-20,20:16,14:31,27.77,87.85,4.5,Taplejung
1138,2055-03-31,1998-07-15,10:21,4:36,29.37,81.34,4.8,Bajura
1139,2055-03-13,1998-06-27,14:50,09:05,27.87,85.81,5.4,Sindhupalchowk
1140,2055-02-02,1998-05-16,16:16,10:31,26.83,84.87,5.5,Bihar
1141,2055-01-27,1998-05-10,20:41,14:56,29.41,82.38,4.7,Jumla
1142,2054-11-16,1998-02-28,13:56,08:11,27.12,86.77,4.0,Khotang
1143,2054-11-10,1998-02-22,08:25,2:40,28.72,85.52,5.5,Tibet
1144,2054-10-30,1998-02-12,08:25,2:40,27.59,88.19,4.6,Taplejung
1145,2054-08-23,1997-12-08,12:22,6:37,27.02,86.92,4.5,Khotang
1146,2054-08-23,1997-12-08,07:48,02:03,27.94,87.07,5.6,Sankhuwasabha
1147,2054-08-12,1997-11-27,21:57,16:12,27.74,87.0,5.5,Sankhuwasabha
1148,2054-08-11,1997-11-26,03:41,21:56,27.88,86.34,4.7,Dolakha
1149,2054-07-08,1997-10-24,17:51,12:06,28.66,82.54,5.2,Rukum
1150,2054-06-25,1997-10-11,15:56,10:11,27.7,86.46,5.0,Ramechhap
1151,2054-05-21,1997-09-06,08:20,2:35,28.38,81.48,4.0,Bardiya
1152,2054-03-03,1997-06-17,12:11,06:26,28.93,81.48,4.1,Dailekh
1153,2054-02-13,1997-05-26,06:30,00:45,27.34,86.78,4.0,Khotang
1154,2054-02-13,1997-05-26,08:49,03:04,27.42,86.8,4.2,Solukhumbu
1155,2054-02-08,1997-05-21,04:36,22:51,23.71,80.47,6.0,India
1156,2054-01-30,1997-05-12,22:06,16:21,27.7,87.78,4.2,Taplejung
1157,2054-01-19,1997-05-01,21:22,15:37,29.34,80.64,4.2,Dadeldhura
1158,2054-01-03,1997-04-15,13:04,07:19,27.63,86.58,4.1,Solukhumbu
1159,2053-12-25,1997-04-07,18:45,13:00,27.47,86.67,5.1,Solukhumbu
1160,2053-12-16,1997-03-29,12:55,07:10,27.97,85.26,4.3,Nuwakot
1161,2053-12-11,1997-03-24,03:13,21:28,28.08,85.29,5.4,Rasuwa
1162,2053-11-20,1997-03-03,15:14,09:29,26.89,86.35,5.2,Udayapur
1163,2053-11-07,1997-02-18,12:40,06:55,29.52,81.33,4.4,Bajhang
1164,2053-10-28,1997-02-10,01:51,20:06,28.04,85.31,5.0,Rasuwa
1165,2053-10-26,1997-02-08,11:01,05:16,27.96,85.32,5.4,Nuwakot
1166,2053-10-24,1997-02-06,19:55,14:10,27.96,85.32,4.1,Nuwakot
1167,2053-10-21,1997-02-03,16:23,10:38,28.09,85.32,5.1,Rasuwa
1168,2053-10-21,1997-02-03,06:28,00:43,28.01,85.34,4.7,Rasuwa
1169,2053-10-19,1997-02-01,11:40,5:55,28.01,85.32,5.0,Rasuwa
1171,2053-10-18,1997-01-31,02:40,20:55,28.0,85.29,4.9,Rasuwa
1172,2053-10-18,1997-01-31,01:47,20:02,28.03,85.34,5.8,Rasuwa
1173,2053-09-21,1997-01-05,14:32,08:47,29.79,80.59,5.6,Darchula
1174,2053-09-16,1996-12-31,12:54,07:09,26.94,86.54,4.4,Udayapur
1175,2053-09-15,1996-12-30,16:53,11:08,27.22,86.91,5.7,Khotang
1176,2053-09-14,1996-12-29,03:36,21:51,29.75,81.83,5.2,Humla
1177,2053-09-07,1996-12-22,22:36,16:51,29.01,81.73,4.4,Dailekh
1178,2053-09-07,1996-12-22,03:30,21:45,28.56,81.96,4.1,Surkhet
1179,2053-07-23,1996-11-08,06:39,00:54,29.67,81.7,4.9,Bajura
1180,2053-07-19,1996-11-04,02:28,20:43,29.51,81.95,4.3,Bajura
1181,2053-07-15,1996-10-31,21:46,16:01,29.32,81.95,4.3,Jumla
1182,2053-06-06,1996-09-22,03:42,21:57,29.17,81.09,4.1,Achham
1183,2053-06-01,1996-09-17,00:48,19:03,30.11,81.64,4.4,Humla
1184,2053-05-31,1996-09-16,03:55,22:10,29.9,81.69,4.1,Bajura
1185,2053-05-12,1996-08-28,06:53,01:08,29.58,81.65,4.3,Bajura
1186,2053-04-24,1996-08-08,18:50,13:05,27.19,88.01,4.2,Panchthar
1187,2053-04-13,1996-07-28,12:10,06:25,29.45,81.94,4.0,Mugu
1188,2053-03-30,1996-07-14,16:38,10:53,29.55,81.04,4.0,Bajhang
1189,2053-03-26,1996-07-10,23:26,17:41,29.15,82.15,4.2,Jumla
1190,2053-02-14,1996-05-27,13:04,07:19,27.4,86.95,4.0,Bhojpur
1191,2053-02-14,1996-05-27,14:04,08:19,27.38,86.9,4.4,Khotang
1192,2053-01-14,1996-04-26,22:16,16:31,27.95,87.76,5.6,Taplejung
1193,2052-12-23,1996-04-05,04:22,22:37,26.9,86.36,4.0,Udayapur
1194,2052-11-14,1996-02-26,10:35,04:50,29.83,80.93,4.0,Darchula
1195,2052-11-07,1996-02-19,04:16,22:31,29.74,81.36,4.1,Bajhang
1196,2052-11-07,1996-02-19,04:13,22:28,29.79,81.36,4.0,Bajhang
1197,2052-10-24,1996-02-07,16:41,10:56,29.37,80.37,5.0,Baitadi
1198,2052-10-13,1996-01-27,06:20,00:35,28.06,84.26,4.4,Tanahu
1199,2052-09-09,1995-12-24,00:47,19:02,27.55,86.27,4.1,Ramechhap
1200,2052-07-26,1995-11-12,23:41,17:56,28.14,85.34,4.2,Rasuwa
1201,2052-07-10,1995-10-27,17:18,11:33,28.76,83.72,4.2,Mustang
1202,2052-06-18,1995-10-04,20:24,14:39,28.26,84.39,4.7,Lamjung
1203,2052-04-23,1995-08-08,00:54,19:09,30.0,81.58,4.3,Humla
1204,2052-04-22,1995-08-07,05:57,00:12,29.88,81.62,4.9,Bajura
1205,2052-04-20,1995-08-05,11:06,5:21,30.0,81.6,4.0,Humla
1206,2052-04-18,1995-08-03,08:50,03:05,30.04,81.54,5.0,Humla
1207,2052-04-10,1995-07-26,06:21,00:36,28.81,80.45,4.2,Kanchanpur
1208,2052-04-08,1995-07-24,14:57,09:12,28.02,86.78,4.1,Solukhumbu
1209,2052-02-28,1995-06-11,12:24,6:39,27.4,87.96,4.2,Taplejung
1210,2052-02-22,1995-06-05,18:40,12:55,29.43,81.71,4.5,Bajura
1211,2052-01-26,1995-05-09,03:30,21:45,28.59,84.5,4.1,Manang
1212,2052-01-04,1995-04-17,07:17,01:32,29.39,81.83,5.5,Kalikot
1213,2052-01-04,1995-04-17,23:19,17:34,29.52,81.65,4.9,Bajura
1214,2051-12-13,1995-03-27,03:06,21:21,29.3,81.8,4.1,Kalikot
1215,2051-11-16,1995-02-28,21:00,15:15,29.96,80.78,4.1,Darchula
1216,2051-11-06,1995-02-18,18:54,13:09,27.81,85.89,4.7,Sindhupalchok
1217,2051-10-25,1995-02-08,10:17,4:32,29.46,81.07,4.0,Bajhang
1218,2051-10-23,1995-02-06,14:05,8:20,27.14,87.74,4.1,Panchthar
1219,2051-10-16,1995-01-30,08:51,03:06,29.26,82.57,4.5,Dolpa
1220,2051-10-16,1995-01-30,19:41,13:56,29.22,82.25,4.4,Jumla
1221,2051-10-16,1995-01-30,11:00,N/A,29.38,82.3,4.0,Jumla
1222,2051-10-15,1995-01-29,02:37,20:52,26.85,86.11,4.5,Dhanusa
1223,2051-10-13,1995-01-27,23:05,17:20,29.08,81.73,4.3,Kalikot
1224,2051-10-08,1995-01-22,11:58,06:13,27.9,87.8,4.0,Taplejung
1225,2051-10-05,1995-01-19,12:18,6:33,28.35,83.44,4.3,Myagdi
1226,2051-09-21,1995-01-05,17:23,11:38,29.82,80.95,4.4,Darchula
1227,2051-09-06,1994-12-21,19:23,13:38,27.9,84.99,4.2,Dhading
1228,2051-08-27,1994-12-13,14:26,8:41,28.47,82.98,4.5,Baglung
1229,2051-08-23,1994-12-09,02:17,20:32,27.79,85.82,4.1,Sindhupalchok
1230,2051-08-11,1994-11-27,22:42,16:57,29.73,81.65,4.6,Bajura
1231,2051-07-21,1994-11-07,14:25,08:40,29.77,80.7,4.4,Darchula
1232,2051-07-07,1994-10-24,05:45,00:00,28.82,81.97,4.5,Jajarkot
1233,2051-07-05,1994-10-22,13:35,7:50,28.82,82.22,4.5,Jajarkot
1234,2051-06-11,1994-09-27,19:42,13:57,26.81,86.09,4.1,Dhanusha
1235,2051-04-32,1994-08-16,01:44,19:59,26.92,86.62,4.0,Udayapur
1236,2051-03-11,1994-06-25,14:17,08:32,27.82,86.19,5.1,Dolakha
1237,2051-02-11,1994-05-25,19:10,13:25,29.8,82.41,4.5,Mugu
1238,2051-02-11,1994-05-25,12:00,6:15,29.81,81.77,4.0,Bajura
1239,2051-01-20,1994-05-03,00:30,18:45,28.52,83.03,4.4,Baglung
1240,2050-11-24,1994-03-08,07:50,02:05,29.33,81.83,4.0,Kalikot
